id,email,created_at,last_sign_in_at,confirmed_at,provider,role,display_name,username
"7fb12311-0059-4d62-8da6-8ea1ff9af5c9","quickcheckin-b7a851c3afa3@example.com","2026-07-24T10:57:01.549421Z","2026-07-24T10:57:01.870302Z","2026-07-24T10:57:01.593587Z","email","guest","Demo Camper","rv_7fb1231100594d628d"
"b1a76347-d36f-448b-b04f-061a0b3fdda6","quickcheckin-d761c85864b3@example.com","2026-07-24T10:55:32.144173Z","2026-07-24T10:55:32.587547Z","2026-07-24T10:55:32.1814Z","email","guest","Demo Camper","rv_b1a76347d36f448bb0"
"8fc0ff6f-66b1-4b6a-88a2-754f40c31218","quickcheckin-91fe8ab6038a@example.com","2026-07-24T10:51:33.794774Z","2026-07-24T10:51:34.134773Z","2026-07-24T10:51:33.830892Z","email","guest","Demo Camper","rv_8fc0ff6f66b14b6a88"
"6d1fb3b8-b30b-4037-ab69-9d0519a3ebd0","quickcheckin-e0f6ef837eb8@example.com","2026-07-24T10:50:27.437668Z","2026-07-24T10:50:27.792711Z","2026-07-24T10:50:27.494795Z","email","guest","Demo Camper","rv_6d1fb3b8b30b4037ab"
"b5a40dfe-1c5b-4e46-a145-a2cf09b7bcf2","quickcheckin-1465bd06e53e@example.com","2026-07-24T09:35:28.413822Z","2026-07-24T09:35:29.005375Z","2026-07-24T09:35:28.542883Z","email","guest","Demo Camper","rv_b5a40dfe1c5b4e46a1"
"bc6010d9-a315-4f2c-900d-c386f2e5094a","quickcheckin-356c54e7d4bc@example.com","2026-07-23T09:38:29.0085Z","2026-07-23T09:38:29.372386Z","2026-07-23T09:38:29.040932Z","email","guest","Demo Camper","rv_bc6010d9a3154f2c90"
"cf979cb4-c618-4af8-aadc-39bca0f2a90f","quickcheckin-e8b47594edbb@example.com","2026-07-23T09:37:01.872357Z","2026-07-23T09:37:02.439626Z","2026-07-23T09:37:01.99376Z","email","guest","Demo Camper","rv_cf979cb4c6184af8aa"
"beeed8ba-0b59-40da-a36e-62a02f72887a","quickcheckin-e82302e7f73c@example.com","2026-07-22T09:40:57.582257Z","2026-07-22T09:40:57.985997Z","2026-07-22T09:40:57.634051Z","email","guest","Demo Camper","rv_beeed8ba0b5940daa3"
"bd7f06dd-5be0-41f8-8720-4377a47a8d60","quickcheckin-ae94b4ab87dc@example.com","2026-07-22T09:39:53.627054Z","2026-07-22T09:39:54.327328Z","2026-07-22T09:39:53.755723Z","email","guest","Demo Camper","rv_bd7f06dd5be041f887"
"0903b114-4364-49ee-acdc-bae91f7d4b66","quickcheckin-66eb05e297a5@example.com","2026-07-21T09:42:04.205291Z","2026-07-21T09:42:04.554809Z","2026-07-21T09:42:04.247695Z","email","guest","Demo Camper","rv_0903b114436449eeac"
"96cce04a-f894-48e6-a602-e1291a7ea644","quickcheckin-ad402dd2cba6@example.com","2026-07-21T09:40:39.038418Z","2026-07-21T09:40:39.584706Z","2026-07-21T09:40:39.122374Z","email","guest","Demo Camper","rv_96cce04af89448e6a6"
"d70d6aa6-9d2a-4caa-a52b-0e75a22f42c7","quickcheckin-28632f893b86@example.com","2026-07-20T10:23:46.17106Z","2026-07-20T10:23:46.618859Z","2026-07-20T10:23:46.251757Z","email","guest","Demo Camper","rv_d70d6aa69d2a4caaa5"
"a2610437-77bd-4acf-869a-e3f6191cb06e","quickcheckin-934b68197452@example.com","2026-07-20T10:22:16.61023Z","2026-07-20T10:22:17.207274Z","2026-07-20T10:22:16.737333Z","email","guest","Demo Camper","rv_a261043777bd4acf86"
"4f5bd013-105d-450f-a5ef-961cd2778fd7","quickcheckin-ad971f30dca7@example.com","2026-07-19T09:19:31.972999Z","2026-07-19T09:19:32.3255Z","2026-07-19T09:19:32.007846Z","email","guest","Demo Camper","rv_4f5bd013105d450fa5"
"75531835-222c-4503-8d8d-1e40d8e081f4","quickcheckin-aeffd86aebfc@example.com","2026-07-19T09:18:06.824389Z","2026-07-19T09:18:07.402038Z","2026-07-19T09:18:06.924872Z","email","guest","Demo Camper","rv_75531835222c45038d"
"60976778-843d-4282-9807-24497cf5d6be","quickcheckin-e64cfa699249@example.com","2026-07-18T09:01:00.038703Z","2026-07-18T09:01:00.370588Z","2026-07-18T09:01:00.060897Z","email","guest","Demo Camper","rv_60976778843d428298"
"3d8d1c61-4219-46f0-9815-6d0b05326920","quickcheckin-4b0f2739514b@example.com","2026-07-18T08:59:29.355293Z","2026-07-18T08:59:29.876505Z","2026-07-18T08:59:29.465088Z","email","guest","Demo Camper","rv_3d8d1c61421946f098"
"a4eb0c39-d5e1-43a4-bbd8-1fdfdcd8a710","quickcheckin-e348deb73a4e@example.com","2026-07-17T09:23:46.957584Z","2026-07-17T09:23:47.319053Z","2026-07-17T09:23:47.006814Z","email","guest","Demo Camper","rv_a4eb0c39d5e143a4bb"
"f84f69da-3af1-4300-903b-6ca7c23c588b","quickcheckin-5f946809189c@example.com","2026-07-17T09:22:23.328346Z","2026-07-17T09:22:24.403594Z","2026-07-17T09:22:23.414457Z","email","guest","Demo Camper","rv_f84f69da3af1430090"
"91c5ba98-adad-4f5b-a3a4-22ba0d9f6e0c","quickcheckin-8c74e4941e0a@example.com","2026-07-16T09:30:05.217868Z","2026-07-16T09:30:05.55087Z","2026-07-16T09:30:05.240115Z","email","guest","Demo Camper","rv_91c5ba98adad4f5ba3"
"fcbf9f5f-1f67-4e3c-a3d7-6caf7ee6ee92","quickcheckin-092a51cca85c@example.com","2026-07-16T09:28:33.9465Z","2026-07-16T09:28:34.55573Z","2026-07-16T09:28:34.064687Z","email","guest","Demo Camper","rv_fcbf9f5f1f674e3ca3"
"3f5c338e-b619-496d-b04b-b16073994a4f","quickcheckin-f50ae668399f@example.com","2026-07-15T09:23:50.239252Z","2026-07-15T09:23:50.6381Z","2026-07-15T09:23:50.280586Z","email","guest","Demo Camper","rv_3f5c338eb619496db0"
"92565b22-3551-48fb-993e-aaf1d13b43e9","quickcheckin-fa7d5a71e52e@example.com","2026-07-15T09:22:17.652511Z","2026-07-15T09:22:18.290509Z","2026-07-15T09:22:17.783491Z","email","guest","Demo Camper","rv_92565b22355148fb99"
"db2d3160-ee03-4447-b19e-f08a3703b08b","quickcheckin-d23fa35feb06@example.com","2026-07-14T09:19:34.02193Z","2026-07-14T09:19:34.342781Z","2026-07-14T09:19:34.063478Z","email","guest","Demo Camper","rv_db2d3160ee034447b1"
"20354ec8-42e7-4bb2-9407-2dc2aa7bc125","quickcheckin-9f46f42e19b9@example.com","2026-07-14T09:18:10.287275Z","2026-07-14T09:18:10.893779Z","2026-07-14T09:18:10.418339Z","email","guest","Demo Camper","rv_20354ec842e74bb294"
"eaeb3561-8ad5-460c-a723-bdf8d9a4b100","quickcheckin-b070152dd2a5@example.com","2026-07-13T10:37:47.328097Z","2026-07-13T10:37:47.61641Z","2026-07-13T10:37:47.347691Z","email","guest","Demo Camper","rv_eaeb35618ad5460ca7"
"17616378-67a3-405d-9412-91898e984d69","quickcheckin-a4608d42b7cf@example.com","2026-07-13T10:36:20.14253Z","2026-07-13T10:36:20.738022Z","2026-07-13T10:36:20.259204Z","email","guest","Demo Camper","rv_1761637867a3405d94"
"fae50e06-15f6-490c-9282-cda178f8a7e0","quickcheckin-f21d86c50909@example.com","2026-07-12T09:19:46.038087Z","2026-07-12T09:19:46.364683Z","2026-07-12T09:19:46.068009Z","email","guest","Demo Camper","rv_fae50e0615f6490c92"
"173df6c6-d528-4a7b-9a09-f6ad1b246142","quickcheckin-45c09eed3308@example.com","2026-07-12T09:18:17.652262Z","2026-07-12T09:18:18.256037Z","2026-07-12T09:18:17.771091Z","email","guest","Demo Camper","rv_173df6c6d5284a7b9a"
"11b11437-f183-440a-90b8-24ad97b80bb7","quickcheckin-0f8e6559455e@example.com","2026-07-11T09:02:02.358605Z","2026-07-11T09:02:02.839327Z","2026-07-11T09:02:02.440781Z","email","guest","Demo Camper","rv_11b11437f183440a90"
"956eb12f-ca3d-4eaa-8ae4-ebc8dbd6b4d3","quickcheckin-5d0f63ece783@example.com","2026-07-11T09:00:35.569382Z","2026-07-11T09:00:36.209024Z","2026-07-11T09:00:35.693303Z","email","guest","Demo Camper","rv_956eb12fca3d4eaa8a"
"1ead2098-b3d6-49a3-9db5-12281b7c7c61","quickcheckin-b3948e0d990e@example.com","2026-07-10T10:32:19.627153Z","2026-07-10T10:32:19.978283Z","2026-07-10T10:32:19.657622Z","email","guest","Demo Camper","rv_1ead2098b3d649a39d"
"a1e614b8-869a-4ddf-94e7-4f13472857fb","quickcheckin-0bca333ffc42@example.com","2026-07-10T10:30:53.959777Z","2026-07-10T10:30:54.585036Z","2026-07-10T10:30:54.087028Z","email","guest","Demo Camper","rv_a1e614b8869a4ddf94"
"6a371ae4-641f-46cb-bd3d-7b999a86b30a","quickcheckin-ef98740579ca@example.com","2026-07-09T10:34:23.240979Z","2026-07-09T10:34:23.521597Z","2026-07-09T10:34:23.272691Z","email","guest","Demo Camper","rv_6a371ae4641f46cbbd"
"daf0aca4-64b4-4733-9bb6-c0ec83f0688b","quickcheckin-c5361e1c1b44@example.com","2026-07-09T10:32:48.338393Z","2026-07-09T10:32:48.998925Z","2026-07-09T10:32:48.452465Z","email","guest","Demo Camper","rv_daf0aca464b447339b"
"3b7f58a5-67a9-42d5-a397-67d8b002f16c","quickcheckin-45dae99cdc6f@example.com","2026-07-08T09:39:21.56268Z","2026-07-08T09:39:21.884676Z","2026-07-08T09:39:21.582975Z","email","guest","Demo Camper","rv_3b7f58a567a942d5a3"
"ea546229-5696-466f-9efd-e314e505f71d","quickcheckin-a67ecd506165@example.com","2026-07-08T09:37:55.311361Z","2026-07-08T09:37:55.888531Z","2026-07-08T09:37:55.425415Z","email","guest","Demo Camper","rv_ea5462295696466f9e"
"8e679d40-7871-4ce9-8718-adeff8f8c060","quickcheckin-02a1a4dc597f@example.com","2026-07-07T10:34:59.030711Z","2026-07-07T10:34:59.478473Z","2026-07-07T10:34:59.066015Z","email","guest","Demo Camper","rv_8e679d4078714ce987"
"3de15cec-68dc-4c62-b7a9-0a9722c288ee","quickcheckin-4ceb24228168@example.com","2026-07-07T10:33:29.556762Z","2026-07-07T10:33:30.144764Z","2026-07-07T10:33:29.68557Z","email","guest","Demo Camper","rv_3de15cec68dc4c62b7"
"c3c24dc9-6c12-4868-90c2-f78728dd3f5b","quickcheckin-3d4c4ff03ccf@example.com","2026-07-06T11:46:28.687864Z","2026-07-06T11:46:29.034197Z","2026-07-06T11:46:28.708712Z","email","guest","Demo Camper","rv_c3c24dc96c12486890"
"225e0f33-89d7-48fe-ab81-fc1e8f45e6bb","quickcheckin-d725b761d1ee@example.com","2026-07-06T11:44:53.110652Z","2026-07-06T11:44:53.686824Z","2026-07-06T11:44:53.206698Z","email","guest","Demo Camper","rv_225e0f3389d748feab"
"606f4a67-3fee-42ba-93ba-e49ffc6c5bc2","quickcheckin-a2a15f883552@example.com","2026-07-05T09:49:26.082966Z","2026-07-05T09:49:26.384174Z","2026-07-05T09:49:26.11561Z","email","guest","Demo Camper","rv_606f4a673fee42ba93"
"62d11a7e-25d7-4679-a42e-8e09d2627e79","quickcheckin-825e55c6230b@example.com","2026-07-05T09:48:01.521335Z","2026-07-05T09:48:02.098605Z","2026-07-05T09:48:01.639808Z","email","guest","Demo Camper","rv_62d11a7e25d74679a4"
"6989784d-7775-4d96-a3b2-1a1ab946d68e","quickcheckin-31f362a7ae5f@example.com","2026-07-04T09:34:08.633942Z","2026-07-04T09:34:09.005133Z","2026-07-04T09:34:08.669693Z","email","guest","Demo Camper","rv_6989784d77754d96a3"
"cf534dce-f463-4715-b535-d51b5584b888","quickcheckin-54e01a6a3e2c@example.com","2026-07-04T09:32:40.793947Z","2026-07-04T09:32:41.404727Z","2026-07-04T09:32:40.906389Z","email","guest","Demo Camper","rv_cf534dcef4634715b5"
"4d9d4f57-f3f2-483e-9972-720532d3dfd0","quickcheckin-63346ed48c68@example.com","2026-07-03T10:13:39.846789Z","2026-07-03T10:13:40.189247Z","2026-07-03T10:13:39.888287Z","email","guest","Demo Camper","rv_4d9d4f57f3f2483e99"
"30a70143-4071-4318-a47b-03e735fec1a8","quickcheckin-4032b05341d7@example.com","2026-07-03T10:12:11.493143Z","2026-07-03T10:12:12.144173Z","2026-07-03T10:12:11.598157Z","email","guest","Demo Camper","rv_30a7014340714318a4"
"d32ec339-a978-48da-91cd-fa9438200d7a","quickcheckin-99a0fc084ba3@example.com","2026-07-02T10:17:08.468077Z","2026-07-02T10:17:08.754541Z","2026-07-02T10:17:08.484366Z","email","guest","Demo Camper","rv_d32ec339a97848da91"
"14dfd62b-543f-4f1d-bbb6-d1e6fff1a8ad","quickcheckin-ff5b8571982e@example.com","2026-07-02T10:15:43.04219Z","2026-07-02T10:15:43.597675Z","2026-07-02T10:15:43.129677Z","email","guest","Demo Camper","rv_14dfd62b543f4f1dbb"
"3947bfe4-88d9-405d-9265-a60b0e35f704","quickcheckin-85cfda868bf1@example.com","2026-07-01T10:51:10.563305Z","2026-07-01T10:51:10.89182Z","2026-07-01T10:51:10.57873Z","email","guest","Demo Camper","rv_3947bfe488d9405d92"
"28c9946f-faf5-4b66-9980-5b30d8fa11d1","quickcheckin-919fcaa432cc@example.com","2026-07-01T10:49:53.715527Z","2026-07-01T10:49:54.250286Z","2026-07-01T10:49:53.803928Z","email","guest","Demo Camper","rv_28c9946ffaf54b6699"
"8e10ff10-cc01-44b8-8386-88e7b679af0d","quickcheckin-4170ad5844f5@example.com","2026-05-29T21:15:12.840004Z","2026-05-29T21:15:13.36165Z","2026-05-29T21:15:12.919362Z","email","guest","Demo Camper","rv_8e10ff10cc0144b883"
"8dbd52f2-7647-4a98-b63b-cc776e69b6fe","quickcheckin-8ae34edc2d63@example.com","2026-05-29T10:37:32.762759Z","2026-05-29T10:37:32.977184Z","2026-05-29T10:37:32.772086Z","email","guest","Demo Camper","rv_8dbd52f276474a98b6"
"223a450c-6363-4005-8fd9-2d67965232bc","quickcheckin-941153e788a9@example.com","2026-05-29T10:37:22.880311Z","2026-05-29T10:37:23.165872Z","2026-05-29T10:37:22.905693Z","email","guest","Demo Camper","rv_223a450c636340058f"
"56fd3eb0-08c0-4da6-b395-668df1455a8e","quickcheckin-28871c90c077@example.com","2026-05-29T10:34:59.842673Z","2026-05-29T10:35:00.063545Z","2026-05-29T10:34:59.855378Z","email","guest","Demo Camper","rv_56fd3eb008c04da6b3"
"0cb0626c-38b7-4ceb-99a7-9b370953cd53","quickcheckin-8d4aad49cd58@example.com","2026-05-29T10:34:53.022387Z","2026-05-29T10:34:53.529402Z","2026-05-29T10:34:53.073422Z","email","guest","Demo Camper","rv_0cb0626c38b74ceb99"
"a9505e67-584f-4809-9cbd-e708bdf915be","quickcheckin-c423bf45be16@example.com","2026-05-29T10:27:19.076145Z","2026-05-29T10:27:19.32379Z","2026-05-29T10:27:19.096163Z","email","guest","Demo Camper","rv_a9505e67584f48099c"
"671e7b56-adcb-4201-8888-0673c693bf47","quickcheckin-2d1025ca7644@example.com","2026-05-29T10:27:12.235265Z","2026-05-29T10:27:12.656113Z","2026-05-29T10:27:12.273855Z","email","guest","Demo Camper","rv_671e7b56adcb420188"
"0c3dd9fe-1992-4eab-b0c2-65c2f5d06ded","quickcheckin-8f4ed34b9ce2@example.com","2026-05-29T10:18:10.817845Z","2026-05-29T10:18:11.137476Z","2026-05-29T10:18:10.854185Z","email","guest","Demo Camper","rv_0c3dd9fe19924eabb0"
"a3965358-499d-428f-8021-73cb56010ce1","quickcheckin-72b71295b4cd@example.com","2026-05-29T10:16:36.079259Z","2026-05-29T10:16:36.513842Z","2026-05-29T10:16:36.199339Z","email","guest","Demo Camper","rv_a3965358499d428f80"
"136bf6b7-e83c-493f-afaa-8bc472d9c3b2","quickcheckin-1f7624708781@example.com","2026-05-28T22:41:03.035365Z","2026-05-28T22:41:03.524968Z","2026-05-28T22:41:03.093918Z","email","guest","Demo Camper","rv_136bf6b7e83c493faf"
"2c009a5e-c2d7-4e99-a9b7-7af6d817ed32","quickcheckin-cda15b0a3336@example.com","2026-05-28T22:06:19.515238Z","2026-05-28T22:06:20.036632Z","2026-05-28T22:06:19.565993Z","email","guest","Demo Camper","rv_2c009a5ec2d74e99a9"
"f6bded72-6acc-42be-846f-5d96d1eb8805","quickcheckin-116d27fa7785@example.com","2026-05-28T21:44:25.045869Z","2026-05-28T21:44:25.571424Z","2026-05-28T21:44:25.082917Z","email","guest","Demo Camper","rv_f6bded726acc42be84"
"71279011-9e4a-4928-b4b2-f1942869da57","quickcheckin-11f238d33aa4@example.com","2026-05-28T21:15:15.924468Z","2026-05-28T21:15:16.373909Z","2026-05-28T21:15:15.986162Z","email","guest","Demo Camper","rv_712790119e4a4928b4"
"6d4d06ad-076e-4a72-a1c0-0380bd225e94","quickcheckin-988f8a2a9ea1@example.com","2026-05-28T21:00:08.527379Z","2026-05-28T21:00:09.216652Z","2026-05-28T21:00:08.613002Z","email","guest","Demo Camper","rv_6d4d06ad076e4a72a1"
"cb3f7e4d-6b8d-4cd7-870f-c8bd16a5c610","quickcheckin-4f6b61d92431@example.com","2026-05-28T18:15:47.703121Z","2026-05-28T18:15:48.255778Z","2026-05-28T18:15:47.746547Z","email","guest","Demo Camper","rv_cb3f7e4d6b8d4cd787"
"849799b9-8162-4c85-a748-eb562c6b8b6c","quickcheckin-b724a2844ea5@example.com","2026-05-28T18:04:06.793875Z","2026-05-28T18:04:07.383702Z","2026-05-28T18:04:06.870841Z","email","guest","Demo Camper","rv_849799b981624c85a7"
"7b516381-a41f-4eb7-84b9-fc12ca372824","quickcheckin-00450bae2e77@example.com","2026-05-28T17:23:51.754303Z","2026-05-28T17:23:52.324274Z","2026-05-28T17:23:51.84404Z","email","guest","Demo Camper","rv_7b516381a41f4eb784"
"617a5ee9-eb84-4775-b98b-a9ab8594fc1e","quickcheckin-f9198470f535@example.com","2026-05-28T17:05:13.992225Z","2026-05-28T17:05:14.593402Z","2026-05-28T17:05:14.056845Z","email","guest","Demo Camper","rv_617a5ee9eb844775b9"
"ba3bf609-30f1-4587-a068-3c3965d09a39","quickcheckin-53f05400da80@example.com","2026-05-28T16:51:22.134235Z","2026-05-28T16:51:22.677617Z","2026-05-28T16:51:22.20915Z","email","guest","Demo Camper","rv_ba3bf60930f14587a0"
"44c9270f-43e0-48cd-a8d1-ac26736a61c1","quickcheckin-7346548401a4@example.com","2026-05-28T16:18:30.485864Z","2026-05-28T16:18:30.996387Z","2026-05-28T16:18:30.551732Z","email","guest","Demo Camper","rv_44c9270f43e048cda8"
"1b95e31b-9912-453b-b88c-b0bd3a13ac95","quickcheckin-4c452c9d58d3@example.com","2026-05-28T11:05:56.339204Z","2026-05-28T11:05:56.682557Z","2026-05-28T11:05:56.363444Z","email","guest","Demo Camper","rv_1b95e31b9912453bb8"
"2b84de6c-f9a9-48b2-ad91-1f862f427791","quickcheckin-4fb57a59542b@example.com","2026-05-28T11:04:36.849219Z","2026-05-28T11:04:37.449436Z","2026-05-28T11:04:36.973134Z","email","guest","Demo Camper","rv_2b84de6cf9a948b2ad"
"c8311df6-1e4a-4142-9859-e5a6ac4dee79","quickcheckin-e7f0a63c8576@example.com","2026-05-27T11:04:43.601391Z","2026-05-27T11:04:43.925482Z","2026-05-27T11:04:43.644729Z","email","guest","Demo Camper","rv_c8311df61e4a414298"
"8edc5ec9-dc55-448d-bfc8-1f747202209c","quickcheckin-d628a3356da5@example.com","2026-05-27T11:03:13.77301Z","2026-05-27T11:03:14.423326Z","2026-05-27T11:03:13.895246Z","email","guest","Demo Camper","rv_8edc5ec9dc55448dbf"
"26bd444a-338f-4bcc-b4e3-dfa7814de5bd","quickcheckin-6c0dac16211c@example.com","2026-05-26T22:09:53.795473Z","2026-05-26T22:09:54.09383Z","2026-05-26T22:09:53.819822Z","email","guest","Demo Camper","rv_26bd444a338f4bccb4"
"42ea1dca-7012-4350-a128-1e09aa22337f","quickcheckin-a070bd8d2e4c@example.com","2026-05-26T22:07:16.93439Z","2026-05-26T22:07:17.251727Z","2026-05-26T22:07:16.958469Z","email","guest","Demo Camper","rv_42ea1dca70124350a1"
"acebae47-5fba-4940-8542-18cfdfe33a5d","quickcheckin-6e9f86b6c4cf@example.com","2026-05-26T22:05:53.90529Z","2026-05-26T22:05:54.229233Z","2026-05-26T22:05:53.927437Z","email","guest","Demo Camper","rv_acebae475fba494085"
"d5814738-8e0f-403d-b0ac-1647fa4d6866","quickcheckin-a8d335ce7423@example.com","2026-05-26T22:05:01.851357Z","2026-05-26T22:05:02.28338Z","2026-05-26T22:05:01.892373Z","email","guest","Demo Camper","rv_d58147388e0f403db0"
"10fc9ff3-b5ba-4dcc-a2d6-a7fce2032a7d","quickcheckin-62c28e8e44c7@example.com","2026-05-26T22:00:16.713092Z","2026-05-26T22:00:17.029049Z","2026-05-26T22:00:16.740208Z","email","guest","Demo Camper","rv_10fc9ff3b5ba4dcca2"
"7d5ff83b-c0eb-4ad6-a2ed-2e37a334a5f6","quickcheckin-ac6360a0d4b4@example.com","2026-05-26T21:58:45.779004Z","2026-05-26T21:58:46.101653Z","2026-05-26T21:58:45.79497Z","email","guest","Demo Camper","rv_7d5ff83bc0eb4ad6a2"
"b99747db-e847-4e48-964e-025263e19ce0","quickcheckin-3618324faf73@example.com","2026-05-26T21:58:06.715556Z","2026-05-26T21:58:07.193355Z","2026-05-26T21:58:06.777906Z","email","guest","Demo Camper","rv_b99747dbe8474e4896"
"76591715-6dd7-4c43-b8f0-d58ccdc6ff44","quickcheckin-2efcf75885dc@example.com","2026-05-26T21:40:12.520165Z","2026-05-26T21:40:12.841101Z","2026-05-26T21:40:12.544591Z","email","guest","Demo Camper","rv_765917156dd74c43b8"
"70b131f2-d5ec-4d99-be10-11b16d7ac964","quickcheckin-01ed751f7982@example.com","2026-05-26T21:38:55.826127Z","2026-05-26T21:38:56.114361Z","2026-05-26T21:38:55.837199Z","email","guest","Demo Camper","rv_70b131f2d5ec4d99be"
"d0a93f36-76e4-451c-8f2f-44e71de82dfa","quickcheckin-783549b3ed4b@example.com","2026-05-26T21:38:54.880452Z","2026-05-26T21:38:55.284696Z","2026-05-26T21:38:54.92392Z","email","guest","Demo Camper","rv_d0a93f3676e4451c8f"
"207f3656-cb61-4701-8521-1866d5f17179","quickcheckin-4e2569503fc2@example.com","2026-05-26T21:32:44.256985Z","2026-05-26T21:32:44.668189Z","2026-05-26T21:32:44.323247Z","email","guest","Demo Camper","rv_207f3656cb61470185"
"e1502126-7a9e-481d-af2b-7198777c347b","quickcheckin-977dc7c6f662@example.com","2026-05-26T21:31:34.555168Z","2026-05-26T21:31:34.861893Z","2026-05-26T21:31:34.578519Z","email","guest","Demo Camper","rv_e15021267a9e481daf"
"e2ee26b6-fedf-470f-a544-5fe51acd060b","quickcheckin-60001eff8d1b@example.com","2026-05-26T21:29:07.804885Z","2026-05-26T21:29:08.266839Z","2026-05-26T21:29:07.854275Z","email","guest","Demo Camper","rv_e2ee26b6fedf470fa5"
"910113e3-5cdf-4f0b-94b8-1a91b0698d5a","quickcheckin-7a434ce12a82@example.com","2026-05-26T21:16:20.611174Z","2026-05-26T21:16:21.065606Z","2026-05-26T21:16:20.656696Z","email","guest","Demo Camper","rv_910113e35cdf4f0b94"
"be798cc1-09af-4aa1-bb31-357c0b030c08","quickcheckin-9d3d316fafa3@example.com","2026-05-26T21:11:10.161082Z","2026-05-26T21:11:10.556471Z","2026-05-26T21:11:10.198466Z","email","guest","Demo Camper","rv_be798cc109af4aa1bb"
"9690cf4e-5f30-48c7-9b4d-fe0e2d7c06d8","quickcheckin-f80c2939106c@example.com","2026-05-26T21:00:37.909461Z","2026-05-26T21:00:38.218313Z","2026-05-26T21:00:37.922613Z","email","guest","Demo Camper","rv_9690cf4e5f3048c79b"
"8b2e6b7f-c406-4589-9d16-bdf9332ae6b0","quickcheckin-85d88aa33672@example.com","2026-05-26T20:59:12.605117Z","2026-05-26T20:59:12.892339Z","2026-05-26T20:59:12.631932Z","email","guest","Demo Camper","rv_8b2e6b7fc40645899d"
"b1eb65eb-6701-4dc3-8a5c-9db25e2ccebc","quickcheckin-3d87b6de95ff@example.com","2026-05-26T20:58:27.52585Z","2026-05-26T20:58:27.96692Z","2026-05-26T20:58:27.57186Z","email","guest","Demo Camper","rv_b1eb65eb67014dc38a"
"4ec8f23b-c71d-440c-bfcc-eff515e9a59d","quickcheckin-6e860b1cb354@example.com","2026-05-26T20:52:45.545788Z","2026-05-26T20:52:45.898978Z","2026-05-26T20:52:45.600247Z","email","guest","Demo Camper","rv_4ec8f23bc71d440cbf"
"1a9db015-23aa-4460-b915-0571fad89c47","quickcheckin-ced251f6ab79@example.com","2026-05-26T20:51:08.370456Z","2026-05-26T20:51:08.675939Z","2026-05-26T20:51:08.39601Z","email","guest","Demo Camper","rv_1a9db01523aa4460b9"
"168f934e-ee7e-4e9c-92fd-20be81d5f49e","quickcheckin-1966d6385fad@example.com","2026-05-26T20:50:18.939423Z","2026-05-26T20:50:19.523307Z","2026-05-26T20:50:19.017841Z","email","guest","Demo Camper","rv_168f934eee7e4e9c92"
"4a708086-f667-4b3c-8e9f-719370226b91","quickcheckin-b3e8676f9a44@example.com","2026-05-26T14:54:12.672475Z","2026-05-26T14:54:13.047009Z","2026-05-26T14:54:12.704758Z","email","guest","Demo Camper","rv_4a708086f6674b3c8e"
"422dbff3-25a3-496b-ae58-ef2dec20f5cf","quickcheckin-15213c82ab84@example.com","2026-05-26T14:52:52.913678Z","2026-05-26T14:52:53.360289Z","2026-05-26T14:52:52.961157Z","email","guest","Demo Camper","rv_422dbff325a3496bae"
"caab8305-7b7b-4e39-8fff-05eeaf0cea02","quickcheckin-66807a0a3fea@example.com","2026-05-26T14:41:36.839371Z","2026-05-26T14:41:37.133392Z","2026-05-26T14:41:36.860108Z","email","guest","Demo Camper","rv_caab83057b7b4e398f"
"19bc0b64-2dcf-4d64-b3c4-2630020773ae","quickcheckin-f464779baf4e@example.com","2026-05-26T14:40:11.29636Z","2026-05-26T14:40:11.758376Z","2026-05-26T14:40:11.341845Z","email","guest","Demo Camper","rv_19bc0b642dcf4d64b3"
"5b939df8-7489-4120-ad83-ecd95a27130f","quickcheckin-8a6441e869a6@example.com","2026-05-26T14:22:35.061215Z","2026-05-26T14:22:35.318003Z","2026-05-26T14:22:35.082318Z","email","guest","Demo Camper","rv_5b939df874894120ad"
"8d9e11ef-7711-449c-a21b-ee2a9108132a","quickcheckin-2f35946b9c1b@example.com","2026-05-26T14:21:19.369155Z","2026-05-26T14:21:19.845502Z","2026-05-26T14:21:19.396298Z","email","guest","Demo Camper","rv_8d9e11ef7711449ca2"
"c9134c65-6e26-449f-9452-ba1d354ad3f5","quickcheckin-bc0707d98ce8@example.com","2026-05-26T14:02:00.551412Z","2026-05-26T14:02:00.960379Z","2026-05-26T14:02:00.581043Z","email","guest","Demo Camper","rv_c9134c656e26449f94"
"3187bd9e-32da-4d26-b3a9-08e5dea1f494","quickcheckin-ed8f6e9243ee@example.com","2026-05-26T14:00:42.556316Z","2026-05-26T14:00:43.112346Z","2026-05-26T14:00:42.634338Z","email","guest","Demo Camper","rv_3187bd9e32da4d26b3"
"d145609f-863f-4b81-98e5-6476c04714c2","quickcheckin-2459a5ff412b@example.com","2026-05-26T13:09:20.607618Z","2026-05-26T13:09:20.889768Z","2026-05-26T13:09:20.63306Z","email","guest","Demo Camper","rv_d145609f863f4b8198"
"4258fe5e-cd0f-412a-a994-9488f89646b2","quickcheckin-22ea6c970193@example.com","2026-05-26T13:08:19.153341Z","2026-05-26T13:08:19.468335Z","2026-05-26T13:08:19.176024Z","email","guest","Demo Camper","rv_4258fe5ecd0f412aa9"
"b2ceccd2-2ecc-452b-9109-47273bad80fb","quickcheckin-657aeb422aaa@example.com","2026-05-26T13:05:42.48974Z","2026-05-26T13:05:42.784515Z","2026-05-26T13:05:42.504187Z","email","guest","Demo Camper","rv_b2ceccd22ecc452b91"
"90d35293-bdcc-4cfa-a53a-5a83b287fc2f","quickcheckin-174359675b24@example.com","2026-05-26T13:04:36.029423Z","2026-05-26T13:04:36.515329Z","2026-05-26T13:04:36.066007Z","email","guest","Demo Camper","rv_90d35293bdcc4cfaa5"
"30748500-9c5f-4148-be9b-63e251afac90","quickcheckin-cc895ead9b20@example.com","2026-05-26T12:54:42.453715Z","2026-05-26T12:54:42.809043Z","2026-05-26T12:54:42.496992Z","email","guest","Demo Camper","rv_307485009c5f4148be"
"0f3201d4-fa49-43ed-b0bb-54ef6d75bf24","quickcheckin-6a43e19f7533@example.com","2026-05-26T12:53:47.856926Z","2026-05-26T12:53:48.319383Z","2026-05-26T12:53:47.906117Z","email","guest","Demo Camper","rv_0f3201d4fa4943edb0"
"2544b396-74fc-4181-9b28-8530c83c8ec0","quickcheckin-95a1868b029b@example.com","2026-05-26T12:44:53.7905Z","2026-05-26T12:44:54.402997Z","2026-05-26T12:44:53.900908Z","email","guest","Demo Camper","rv_2544b39674fc41819b"
"8fe84b16-6830-40b6-b493-7f46aa28b5a5","quickcheckin-3d318fd867e9@example.com","2026-05-25T11:19:31.070241Z","2026-05-25T11:19:31.422172Z","2026-05-25T11:19:31.120226Z","email","guest","Demo Camper","rv_8fe84b16683040b6b4"
"bad25986-358a-4bd8-a809-063502873563","quickcheckin-870e4a6f0dbb@example.com","2026-05-25T11:18:35.152086Z","2026-05-25T11:18:35.714865Z","2026-05-25T11:18:35.275171Z","email","guest","Demo Camper","rv_bad25986358a4bd8a8"
"abd4b89e-d03d-4d20-bb41-5a0ab1027d31","quickcheckin-bbfce0eb336e@example.com","2026-05-24T17:55:59.489963Z","2026-05-24T17:55:59.761106Z","2026-05-24T17:55:59.520374Z","email","guest","Demo Camper","rv_abd4b89ed03d4d20bb"
"364a1beb-fc99-42ea-b915-e85dc963ba13","quickcheckin-f05f5a447bb4@example.com","2026-05-24T17:54:57.99124Z","2026-05-24T17:54:58.329413Z","2026-05-24T17:54:58.054248Z","email","guest","Demo Camper","rv_364a1bebfc9942eab9"
"fcad76cb-38b8-4f2c-8564-79a4cd26f6ce","quickcheckin-d779a3862d7b@example.com","2026-05-24T17:20:39.753735Z","2026-05-24T17:20:40.058475Z","2026-05-24T17:20:39.797764Z","email","guest","Demo Camper","rv_fcad76cb38b84f2c85"
"7432fa5a-1bbc-4833-8d55-dbb3f5b1eda7","quickcheckin-738a806a2c3d@example.com","2026-05-24T17:19:45.301889Z","2026-05-24T17:19:45.638687Z","2026-05-24T17:19:45.367783Z","email","guest","Demo Camper","rv_7432fa5a1bbc48338d"
"028e7a6e-65e6-4c76-8719-1a72cd12e8c2","quickcheckin-f5f7aa06c220@example.com","2026-05-24T17:03:27.627505Z","2026-05-24T17:03:27.90419Z","2026-05-24T17:03:27.648121Z","email","guest","Demo Camper","rv_028e7a6e65e64c7687"
"bfe4e797-9c11-4815-994c-1c8f5b509c40","quickcheckin-4fe3856562fb@example.com","2026-05-24T17:02:29.260698Z","2026-05-24T17:02:29.659964Z","2026-05-24T17:02:29.350751Z","email","guest","Demo Camper","rv_bfe4e7979c11481599"
"95dee4d1-a495-4edb-aaf8-329622ce7367","quickcheckin-4ddf301a21fd@example.com","2026-05-24T16:06:24.356369Z","2026-05-24T16:06:24.683701Z","2026-05-24T16:06:24.399541Z","email","guest","Demo Camper","rv_95dee4d1a4954edbaa"
"6ea4566f-42d3-4a15-b2ed-388a2394a8b5","quickcheckin-818b63c49530@example.com","2026-05-24T16:05:28.538874Z","2026-05-24T16:05:29.003837Z","2026-05-24T16:05:28.588332Z","email","guest","Demo Camper","rv_6ea4566f42d34a15b2"
"3aba4f06-5f6a-476e-99a1-c69535fde723","quickcheckin-6b41296374fe@example.com","2026-05-24T15:56:33.447848Z","2026-05-24T15:56:33.741446Z","2026-05-24T15:56:33.484094Z","email","guest","Demo Camper","rv_3aba4f065f6a476e99"
"7656c8b0-2bd0-4e71-92de-d14ad2354a06","quickcheckin-f122495041ef@example.com","2026-05-24T15:55:33.849827Z","2026-05-24T15:55:34.219228Z","2026-05-24T15:55:33.924065Z","email","guest","Demo Camper","rv_7656c8b02bd04e7192"
"4d877ce5-f300-4ccd-bbcd-9b19c40fe9ee","quickcheckin-a8cecffb11da@example.com","2026-05-24T15:48:54.87733Z","2026-05-24T15:48:55.156188Z","2026-05-24T15:48:54.909692Z","email","guest","Demo Camper","rv_4d877ce5f3004ccdbb"
"eac4c174-9471-43bd-9a1a-3b52fcabe471","quickcheckin-0dc2fc5713f3@example.com","2026-05-24T15:48:14.315328Z","2026-05-24T15:48:14.660741Z","2026-05-24T15:48:14.399905Z","email","guest","Demo Camper","rv_eac4c174947143bd9a"
"5cea05d6-4d5a-41d9-818c-54d8e25774f4","quickcheckin-8fd25fffe6d8@example.com","2026-05-24T15:40:39.733Z","2026-05-24T15:40:40.02037Z","2026-05-24T15:40:39.770527Z","email","guest","Demo Camper","rv_5cea05d64d5a41d981"
"5c3a76c2-034d-4537-af28-88d55689bb26","quickcheckin-2b953b5fecdf@example.com","2026-05-24T15:39:46.063485Z","2026-05-24T15:39:46.388684Z","2026-05-24T15:39:46.116293Z","email","guest","Demo Camper","rv_5c3a76c2034d4537af"
"0e1ae99d-1314-4d4d-a3e8-7f6fd5cfdd50","quickcheckin-a951047eaefc@example.com","2026-05-24T15:09:40.590015Z","2026-05-24T15:09:40.844936Z","2026-05-24T15:09:40.598865Z","email","guest","Demo Camper","rv_0e1ae99d13144d4da3"
"c35c238c-46c7-4581-bde7-0ca41a8288c5","quickcheckin-9783a24ecd8c@example.com","2026-05-24T15:08:44.323299Z","2026-05-24T15:08:44.682849Z","2026-05-24T15:08:44.41494Z","email","guest","Demo Camper","rv_c35c238c46c74581bd"
"845d3230-e277-409a-8701-03d6c65e600b","quickcheckin-dbfe63a7d8ca@example.com","2026-05-24T10:38:52.134404Z","2026-05-24T10:38:52.461043Z","2026-05-24T10:38:52.164074Z","email","guest","Demo Camper","rv_845d3230e277409a87"
"4c8bd5b9-db92-4546-a364-0d2dcb3bf7ee","quickcheckin-2913dbade10b@example.com","2026-05-24T10:37:54.735702Z","2026-05-24T10:37:54.987796Z","2026-05-24T10:37:54.7718Z","email","guest","Demo Camper","rv_4c8bd5b9db924546a3"
"0a826ccd-efe1-45d3-8b80-96ac9f7376d8","quickcheckin-867290222c0c@example.com","2026-05-24T10:27:09.777062Z","2026-05-24T10:27:10.091802Z","2026-05-24T10:27:09.816921Z","email","guest","Demo Camper","rv_0a826ccdefe145d38b"
"5677717c-78af-45bc-9f94-6a8c48f5a50a","quickcheckin-4fdb68bfac68@example.com","2026-05-24T10:25:35.711249Z","2026-05-24T10:25:36.157751Z","2026-05-24T10:25:35.895026Z","email","guest","Demo Camper","rv_5677717c78af45bc9f"
"528cb33b-94bc-416f-ba7a-e970691f5bcc","quickcheckin-a4e1b0b397ba@example.com","2026-05-24T09:28:02.811619Z","2026-05-24T09:28:03.082452Z","2026-05-24T09:28:02.844903Z","email","guest","Demo Camper","rv_528cb33b94bc416fba"
"d0267ca8-4f96-4146-93a1-3da1db3aa419","quickcheckin-46fb14d5ef48@example.com","2026-05-24T09:27:12.174115Z","2026-05-24T09:27:12.511813Z","2026-05-24T09:27:12.231042Z","email","guest","Demo Camper","rv_d0267ca84f96414693"
"6b4f5f54-5fad-46cd-b075-11626a06b533","quickcheckin-0d19168d2a4f@example.com","2026-05-23T13:48:31.500431Z","2026-05-23T13:48:31.751908Z","2026-05-23T13:48:31.512383Z","email","guest","Demo Camper","rv_6b4f5f545fad46cdb0"
"11b16872-274f-4b91-9b9e-ac7aa2a14f26","quickcheckin-498e1e8ae79f@example.com","2026-05-23T13:47:25.041031Z","2026-05-23T13:47:25.392746Z","2026-05-23T13:47:25.094833Z","email","guest","Demo Camper","rv_11b16872274f4b919b"
"73438698-9009-435f-ae78-e40928394d21","quickcheckin-a44b55116244@example.com","2026-05-23T13:38:38.987187Z","2026-05-23T13:38:39.228859Z","2026-05-23T13:38:39.009312Z","email","guest","Demo Camper","rv_734386989009435fae"
"4ccfffe5-a6f9-4cd6-81d1-7b67053f4275","quickcheckin-c374c9e6d017@example.com","2026-05-23T13:37:43.268381Z","2026-05-23T13:37:43.609502Z","2026-05-23T13:37:43.32957Z","email","guest","Demo Camper","rv_4ccfffe5a6f94cd681"
"02f9dd5c-b7ca-4be4-a9be-36216c4ba8a3","quickcheckin-dee119a2a623@example.com","2026-05-23T13:22:14.053287Z","2026-05-23T13:22:14.293975Z","2026-05-23T13:22:14.087416Z","email","guest","Demo Camper","rv_02f9dd5cb7ca4be4a9"
"e25cb537-5761-4420-ad46-d9ca0d2df477","quickcheckin-ca612e19a5f8@example.com","2026-05-23T13:21:17.747252Z","2026-05-23T13:21:18.203787Z","2026-05-23T13:21:17.819946Z","email","guest","Demo Camper","rv_e25cb53757614420ad"
"9088b26f-ca94-4ad1-8475-39b32b4c4c36","quickcheckin-d4db458365a6@example.com","2026-05-23T13:03:40.853232Z","2026-05-23T13:03:41.168783Z","2026-05-23T13:03:40.89144Z","email","guest","Demo Camper","rv_9088b26fca944ad184"
"287ff0e7-845d-4dec-a1a2-bfc5be4601db","quickcheckin-fa9a7e42eb4e@example.com","2026-05-23T13:02:44.67101Z","2026-05-23T13:02:45.022723Z","2026-05-23T13:02:44.733338Z","email","guest","Demo Camper","rv_287ff0e7845d4deca1"
"9a8c8491-81eb-4ab3-bd2a-821766fcfc90","quickcheckin-8e61a864bb76@example.com","2026-05-23T12:47:59.473801Z","2026-05-23T12:47:59.748571Z","2026-05-23T12:47:59.492927Z","email","guest","Demo Camper","rv_9a8c849181eb4ab3bd"
"78ddba4d-b011-4275-96d3-bb06b5dcf995","quickcheckin-208c9f382df3@example.com","2026-05-23T12:46:58.854805Z","2026-05-23T12:46:59.280564Z","2026-05-23T12:46:58.920009Z","email","guest","Demo Camper","rv_78ddba4db011427596"
"ac1fab0c-99da-49f7-b961-1ffe3b7324eb","quickcheckin-63f8e361178d@example.com","2026-05-23T11:26:38.469904Z","2026-05-23T11:26:38.726156Z","2026-05-23T11:26:38.483032Z","email","guest","Demo Camper","rv_ac1fab0c99da49f7b9"
"13209471-526a-4894-bd01-c23d9bb876ec","quickcheckin-f1d8fe0ed947@example.com","2026-05-23T11:25:45.192832Z","2026-05-23T11:25:45.565565Z","2026-05-23T11:25:45.24426Z","email","guest","Demo Camper","rv_13209471526a4894bd"
"3443f4de-6de0-43bf-8797-08d289c6e5fb","quickcheckin-fbe56e472dfc@example.com","2026-05-23T11:15:27.573842Z","2026-05-23T11:15:27.907525Z","2026-05-23T11:15:27.614311Z","email","guest","Demo Camper","rv_3443f4de6de043bf87"
"3d4cba84-260d-4543-a318-1e8338de4374","quickcheckin-9794c76f1bc2@example.com","2026-05-23T11:14:30.227739Z","2026-05-23T11:14:30.683712Z","2026-05-23T11:14:30.425059Z","email","guest","Demo Camper","rv_3d4cba84260d4543a3"
"0e79ef14-9125-4bbc-a015-9e3de8179d69","quickcheckin-b57b7e2d9d21@example.com","2026-05-23T11:07:51.204507Z","2026-05-23T11:07:51.477764Z","2026-05-23T11:07:51.239848Z","email","guest","Demo Camper","rv_0e79ef1491254bbca0"
"39b28f46-12ca-4a2e-b18e-49823e26e889","quickcheckin-ee29cd0a9f42@example.com","2026-05-23T11:06:52.313533Z","2026-05-23T11:06:52.644103Z","2026-05-23T11:06:52.374272Z","email","guest","Demo Camper","rv_39b28f4612ca4a2eb1"
"03450948-8c32-442c-92d5-bb1c8a0603b6","quickcheckin-b6e293b12c2a@example.com","2026-05-23T10:43:12.883998Z","2026-05-23T10:43:13.262323Z","2026-05-23T10:43:12.964795Z","email","guest","Demo Camper","rv_034509488c32442c92"
"7856262e-8248-4237-be44-6b93ba00c7ac","quickcheckin-97ba987484dd@example.com","2026-05-23T10:41:45.533581Z","2026-05-23T10:41:45.810789Z","2026-05-23T10:41:45.599252Z","email","guest","Demo Camper","rv_7856262e82484237be"
"f8c02d35-f957-4be4-912a-15c8907716c1","quickcheckin-e3fc58635b65@example.com","2026-05-23T10:33:14.68122Z","2026-05-23T10:33:15.224478Z","2026-05-23T10:33:14.824795Z","email","guest","Demo Camper","rv_f8c02d35f9574be491"
"dbd602ef-30fe-4fdc-a057-817261f6b23b","quickcheckin-273b2876acca@example.com","2026-05-23T10:32:08.222285Z","2026-05-23T10:32:08.51846Z","2026-05-23T10:32:08.278484Z","email","guest","Demo Camper","rv_dbd602ef30fe4fdca0"
"9cfea0a1-148c-48f9-859e-24921ac3f4e1","quickcheckin-7fff9e5411ec@example.com","2026-05-23T10:20:27.63828Z","2026-05-23T10:20:28.070964Z","2026-05-23T10:20:27.790363Z","email","guest","Demo Camper","rv_9cfea0a1148c48f985"
"a603eadd-3795-477e-bb63-e07368f2c5d3","quickcheckin-174bfac42084@example.com","2026-05-23T10:19:20.525139Z","2026-05-23T10:19:20.959014Z","2026-05-23T10:19:20.591631Z","email","guest","Demo Camper","rv_a603eadd3795477ebb"
"fab910db-903f-481d-9c55-cb5ce6b0a866","quickcheckin-cf319f4b1812@example.com","2026-05-23T09:16:26.168769Z","2026-05-23T09:16:27.195752Z","2026-05-23T09:16:26.178464Z","email","guest","Demo Camper","rv_fab910db903f481d9c"
"3767a679-0257-4f74-84cf-a13ba1e902b2","quickcheckin-652bf6d9420e@example.com","2026-05-23T09:15:33.050862Z","2026-05-23T09:15:33.566888Z","2026-05-23T09:15:33.166802Z","email","guest","Demo Camper","rv_3767a67902574f7484"
"a67b30ff-d358-49f7-92f6-418dfe794274","quickcheckin-b7e40a0e1dc5@example.com","2026-05-22T20:43:53.667311Z","2026-05-22T20:43:53.933572Z","2026-05-22T20:43:53.699986Z","email","guest","Demo Camper","rv_a67b30ffd35849f792"
"1243fc60-8346-4c5c-bcc3-7850a882d24c","quickcheckin-4bd5794a6d12@example.com","2026-05-22T20:42:27.238413Z","2026-05-22T20:42:27.744738Z","2026-05-22T20:42:27.317965Z","email","guest","Demo Camper","rv_1243fc6083464c5cbc"
"2089a041-509b-4613-b4e5-52577afa8c5c","quickcheckin-1d2bd3359d4d@example.com","2026-05-22T20:31:04.811363Z","2026-05-22T20:31:05.16181Z","2026-05-22T20:31:04.859246Z","email","guest","Demo Camper","rv_2089a041509b4613b4"
"934f01b3-3ec4-4caf-b75d-ec5776c36953","quickcheckin-71c77f1de4e2@example.com","2026-05-22T20:30:09.0407Z","2026-05-22T20:30:09.452976Z","2026-05-22T20:30:09.10715Z","email","guest","Demo Camper","rv_934f01b33ec44cafb7"
"d38f7cab-4409-468e-9376-42a2261edada","quickcheckin-dfce638b0e88@example.com","2026-05-22T20:19:26.902566Z","2026-05-22T20:19:27.193064Z","2026-05-22T20:19:26.938414Z","email","guest","Demo Camper","rv_d38f7cab4409468e93"
"490770b6-0b2a-4cd3-8e9f-4cdb87611e14","quickcheckin-3364bc217502@example.com","2026-05-22T20:17:51.649154Z","2026-05-22T20:17:52.069602Z","2026-05-22T20:17:51.697285Z","email","guest","Demo Camper","rv_490770b60b2a4cd38e"
"4bf058f0-3a28-443c-ae5a-6ea126ebc280","quickcheckin-5080e54a4fd4@example.com","2026-05-22T20:05:15.38733Z","2026-05-22T20:05:15.718372Z","2026-05-22T20:05:15.409634Z","email","guest","Demo Camper","rv_4bf058f03a28443cae"
"7aabc502-1e68-4f5b-a3e4-f4aabc2e3111","quickcheckin-e459d06dc47d@example.com","2026-05-22T20:04:17.909768Z","2026-05-22T20:04:18.365503Z","2026-05-22T20:04:17.973837Z","email","guest","Demo Camper","rv_7aabc5021e684f5ba3"
"0b144d77-d37e-457a-8f98-6ffd219d55b7","quickcheckin-6511f915b978@example.com","2026-05-22T19:52:12.480255Z","2026-05-22T19:52:12.737901Z","2026-05-22T19:52:12.493136Z","email","guest","Demo Camper","rv_0b144d77d37e457a8f"
"f387c656-e687-4fe7-a692-af0a3ceff4c8","quickcheckin-895a151a9e6e@example.com","2026-05-22T19:51:09.470148Z","2026-05-22T19:51:09.914836Z","2026-05-22T19:51:09.533436Z","email","guest","Demo Camper","rv_f387c656e6874fe7a6"
"0024d3de-0700-4b5c-9a2b-ff0bd61f6179","quickcheckin-401ea0b7d0ed@example.com","2026-05-22T18:49:27.401748Z","2026-05-22T18:49:27.675531Z","2026-05-22T18:49:27.410502Z","email","guest","Demo Camper","rv_0024d3de07004b5c9a"
"79032a8e-cb7e-45a2-90e1-c8988b59b51a","quickcheckin-48f4bafc6796@example.com","2026-05-22T18:49:02.995851Z","2026-05-22T18:49:03.476478Z","2026-05-22T18:49:03.063108Z","email","guest","Demo Camper","rv_79032a8ecb7e45a290"
"bfd4bc13-0db4-4f65-a0ad-f31cadb1b1f3","quickcheckin-9227a5358607@example.com","2026-05-22T18:45:44.437286Z","2026-05-22T18:45:44.677018Z","2026-05-22T18:45:44.441545Z","email","guest","Demo Camper","rv_bfd4bc130db44f65a0"
"b160438c-434f-47f8-b8df-2a34a0d7550e","quickcheckin-9d890b700ca9@example.com","2026-05-22T18:45:03.211023Z","2026-05-22T18:45:03.528188Z","2026-05-22T18:45:03.225206Z","email","guest","Demo Camper","rv_b160438c434f47f8b8"
"d7a8d12b-a124-4f7c-91be-f605f8135cc0","quickcheckin-2fbf37e66126@example.com","2026-05-22T18:44:50.074169Z","2026-05-22T18:44:50.350722Z","2026-05-22T18:44:50.082439Z","email","guest","Demo Camper","rv_d7a8d12ba1244f7c91"
"cbb46ed9-87a4-4c6f-8840-530ce9f32e28","quickcheckin-ba570952375c@example.com","2026-05-22T18:44:43.229061Z","2026-05-22T18:44:43.544157Z","2026-05-22T18:44:43.277309Z","email","guest","Demo Camper","rv_cbb46ed987a44c6f88"
"139dac43-edf7-43fb-8ee4-8d35c1926b53","quickcheckin-1c95226585b9@example.com","2026-05-22T18:44:17.149573Z","2026-05-22T18:44:17.401209Z","2026-05-22T18:44:17.158049Z","email","guest","Demo Camper","rv_139dac43edf743fb8e"
"602f1581-df85-4bae-b290-c8029cfe4d21","quickcheckin-bc153db499ab@example.com","2026-05-22T18:44:17.13045Z","2026-05-22T18:44:17.389003Z","2026-05-22T18:44:17.133872Z","email","guest","Demo Camper","rv_602f1581df854baeb2"
"28da9e6e-ccc0-4f3f-9cb9-78de69b579b9","quickcheckin-deff631f5fc6@example.com","2026-05-22T18:43:59.211089Z","2026-05-22T18:43:59.430716Z","2026-05-22T18:43:59.21793Z","email","guest","Demo Camper","rv_28da9e6eccc04f3f9c"
"71f856b3-8419-4295-9622-d9f3bf08e9c8","quickcheckin-b53ec387c41f@example.com","2026-05-22T18:43:51.655649Z","2026-05-22T18:43:51.937399Z","2026-05-22T18:43:51.658519Z","email","guest","Demo Camper","rv_71f856b38419429596"
"79230a5f-a112-43c2-8327-2ed42d5bdab4","quickcheckin-e0817f1b31a8@example.com","2026-05-22T18:43:43.109443Z","2026-05-22T18:43:43.314167Z","2026-05-22T18:43:43.112764Z","email","guest","Demo Camper","rv_79230a5fa11243c283"
"43b49460-6725-442f-96e6-b37a9ff30e87","quickcheckin-fda8d5da6ecb@example.com","2026-05-22T18:43:39.403876Z","2026-05-22T18:43:39.644266Z","2026-05-22T18:43:39.423279Z","email","guest","Demo Camper","rv_43b494606725442f96"
"60ed672a-8819-49d5-88b8-804f062baeac","quickcheckin-aec30f28ee17@example.com","2026-05-22T18:43:28.639698Z","2026-05-22T18:43:28.988215Z","2026-05-22T18:43:28.709055Z","email","guest","Demo Camper","rv_60ed672a881949d588"
"9d484dab-985e-49eb-bdf8-8e51beb183d7","quickcheckin-bb916f0be5fc@example.com","2026-05-22T18:43:16.267425Z","2026-05-22T18:43:16.55016Z","2026-05-22T18:43:16.324037Z","email","guest","Demo Camper","rv_9d484dab985e49ebbd"
"3dfb15f6-f96e-4fdc-aa8c-6e56f10aeed8","quickcheckin-0ec4d0cc1b66@example.com","2026-05-22T18:43:12.315687Z","2026-05-22T18:43:12.598629Z","2026-05-22T18:43:12.321131Z","email","guest","Demo Camper","rv_3dfb15f6f96e4fdcaa"
"f55ce3b2-96aa-421a-be9b-d22b2f939c83","quickcheckin-26abc61f8b6f@example.com","2026-05-22T18:42:57.761331Z","2026-05-22T18:42:58.041988Z","2026-05-22T18:42:57.78801Z","email","guest","Demo Camper","rv_f55ce3b296aa421abe"
"076226dc-6846-46ea-9d3c-2f3144c89251","quickcheckin-15a3294552c7@example.com","2026-05-22T18:42:48.514622Z","2026-05-22T18:42:48.81354Z","2026-05-22T18:42:48.564749Z","email","guest","Demo Camper","rv_076226dc684646ea9d"
"0b5ed407-1eeb-4254-91b5-daa5d441cd9b","quickcheckin-90859a59d4ba@example.com","2026-05-22T18:42:48.492333Z","2026-05-22T18:42:48.818534Z","2026-05-22T18:42:48.564761Z","email","guest","Demo Camper","rv_0b5ed4071eeb425491"
"3fae035c-6e9d-456b-ba75-cc1bc3d859fb","quickcheckin-463fa2be9f79@example.com","2026-05-22T18:42:28.129541Z","2026-05-22T18:42:28.775985Z","2026-05-22T18:42:28.193122Z","email","guest","Demo Camper","rv_3fae035c6e9d456bba"
"b66b5de7-6d6c-40d8-90d0-798c2ca79ffa","quickcheckin-bab01ad1771d@example.com","2026-05-22T18:42:28.109143Z","2026-05-22T18:42:28.754926Z","2026-05-22T18:42:28.22806Z","email","guest","Demo Camper","rv_b66b5de76d6c40d890"
"9527b825-d48b-4ba5-8615-268350b035ff","quickcheckin-f392d2e2d900@example.com","2026-05-22T18:41:58.298336Z","2026-05-22T18:41:58.569992Z","2026-05-22T18:41:58.302167Z","email","guest","Demo Camper","rv_9527b825d48b4ba586"
"04c36c9b-1e82-49cf-9f11-1580e14afc4e","quickcheckin-b24217cb2d51@example.com","2026-05-22T18:41:47.900315Z","2026-05-22T18:41:48.135368Z","2026-05-22T18:41:47.915611Z","email","guest","Demo Camper","rv_04c36c9b1e8249cf9f"
"dc38ae69-64ae-4f46-9772-3c6982e6c10c","quickcheckin-06a25d4f4cf5@example.com","2026-05-22T18:41:26.451671Z","2026-05-22T18:41:26.710759Z","2026-05-22T18:41:26.456979Z","email","guest","Demo Camper","rv_dc38ae6964ae4f4697"
"74d35ac3-fa71-486b-ab7f-730e0cf19fbc","quickcheckin-5d8fc249cce4@example.com","2026-05-22T18:40:58.343985Z","2026-05-22T18:40:58.579735Z","2026-05-22T18:40:58.355016Z","email","guest","Demo Camper","rv_74d35ac3fa71486bab"
"97871088-da00-4748-a894-df07ec57c4d0","quickcheckin-09c62092b768@example.com","2026-05-22T18:40:35.838456Z","2026-05-22T18:40:36.055283Z","2026-05-22T18:40:35.841482Z","email","guest","Demo Camper","rv_97871088da004748a8"
"a7958f83-fc12-405e-bc6e-d26ed5d05128","quickcheckin-0e69cf53ad55@example.com","2026-05-22T18:40:34.865399Z","2026-05-22T18:40:35.119947Z","2026-05-22T18:40:34.892251Z","email","guest","Demo Camper","rv_a7958f83fc12405ebc"
"c7b8db3b-ea50-4d62-9c97-d86e7ed61d98","quickcheckin-be62d2b04b0d@example.com","2026-05-22T18:40:25.615385Z","2026-05-22T18:40:25.834305Z","2026-05-22T18:40:25.619036Z","email","guest","Demo Camper","rv_c7b8db3bea504d629c"
"0d283341-f1db-41b5-b8b9-f76e904e9d59","quickcheckin-c267259ba8c4@example.com","2026-05-22T18:39:55.961026Z","2026-05-22T18:39:56.229335Z","2026-05-22T18:39:55.966896Z","email","guest","Demo Camper","rv_0d283341f1db41b5b8"
"8af92102-40e2-4439-af6d-60fc205d3913","quickcheckin-82211bb86880@example.com","2026-05-22T18:39:50.727327Z","2026-05-22T18:39:50.970209Z","2026-05-22T18:39:50.729985Z","email","guest","Demo Camper","rv_8af9210240e24439af"
"6f1e1edc-7b9c-4eec-b081-a65f0722317b","quickcheckin-57d15a9ae521@example.com","2026-05-22T18:39:47.990952Z","2026-05-22T18:39:48.213059Z","2026-05-22T18:39:47.993758Z","email","guest","Demo Camper","rv_6f1e1edc7b9c4eecb0"
"7f8bd747-2007-43c1-b589-b00bed46a73d","quickcheckin-f39266c06fd4@example.com","2026-05-22T18:39:40.749352Z","2026-05-22T18:39:40.950823Z","2026-05-22T18:39:40.751997Z","email","guest","Demo Camper","rv_7f8bd747200743c1b5"
"8864d781-7331-42a8-90f9-8f70144a25dd","quickcheckin-4c7cf681e7c8@example.com","2026-05-22T18:39:31.428257Z","2026-05-22T18:39:31.622328Z","2026-05-22T18:39:31.434246Z","email","guest","Demo Camper","rv_8864d781733142a890"
"72b2e70f-9705-4389-9efa-60f5e0204622","quickcheckin-7cfc8353d7b6@example.com","2026-05-22T18:39:28.824354Z","2026-05-22T18:39:29.098003Z","2026-05-22T18:39:28.831097Z","email","guest","Demo Camper","rv_72b2e70f970543899e"
"3affd35d-e54c-4086-ad21-972ea8971129","quickcheckin-e69b2fa35549@example.com","2026-05-22T18:39:17.603172Z","2026-05-22T18:39:17.827825Z","2026-05-22T18:39:17.607605Z","email","guest","Demo Camper","rv_3affd35de54c4086ad"
"75f9c4d7-7c90-47f7-b925-c06b73dfcd96","quickcheckin-326006451423@example.com","2026-05-22T18:39:10.766113Z","2026-05-22T18:39:11.052016Z","2026-05-22T18:39:10.777243Z","email","guest","Demo Camper","rv_75f9c4d77c9047f7b9"
"d2ff2e2e-c862-43a4-9cb9-0d4eb52282c1","quickcheckin-04b94de95f5d@example.com","2026-05-22T18:38:58.677584Z","2026-05-22T18:38:58.891503Z","2026-05-22T18:38:58.680867Z","email","guest","Demo Camper","rv_d2ff2e2ec86243a49c"
"fac5e8ce-0288-40a5-ad8f-ac447ecbd715","quickcheckin-8c734829feab@example.com","2026-05-22T18:38:55.481322Z","2026-05-22T18:38:55.824912Z","2026-05-22T18:38:55.537041Z","email","guest","Demo Camper","rv_fac5e8ce028840a5ad"
"3c08f02a-376b-4a60-8abf-9b02f9974e48","quickcheckin-f700ee1b4639@example.com","2026-05-22T18:38:37.552451Z","2026-05-22T18:38:37.832239Z","2026-05-22T18:38:37.563409Z","email","guest","Demo Camper","rv_3c08f02a376b4a608a"
"8fd950ad-b687-4443-9048-1a9234abd2d3","quickcheckin-96883d5beafe@example.com","2026-05-22T18:38:37.511625Z","2026-05-22T18:38:37.777631Z","2026-05-22T18:38:37.520282Z","email","guest","Demo Camper","rv_8fd950adb687444390"
"582a01ee-1be5-4155-96aa-2095805a7e28","quickcheckin-191300e337e5@example.com","2026-05-22T18:38:34.94315Z","2026-05-22T18:38:35.282027Z","2026-05-22T18:38:34.983443Z","email","guest","Demo Camper","rv_582a01ee1be5415596"
"4f6ad438-6a17-415f-b47c-c395b89d0d63","quickcheckin-b8a072e3375b@example.com","2026-05-22T18:38:10.37848Z","2026-05-22T18:38:10.64864Z","2026-05-22T18:38:10.384628Z","email","guest","Demo Camper","rv_4f6ad4386a17415fb4"
"5eb2b37c-ae1f-4d51-a40d-c71146bf62aa","quickcheckin-b6331d68289e@example.com","2026-05-22T18:38:09.304356Z","2026-05-22T18:38:09.514621Z","2026-05-22T18:38:09.310649Z","email","guest","Demo Camper","rv_5eb2b37cae1f4d51a4"
"2dffb25f-8bef-4151-bcaf-d2f1319892a9","quickcheckin-688b732db7bc@example.com","2026-05-22T18:38:06.201298Z","2026-05-22T18:38:06.649459Z","2026-05-22T18:38:06.25618Z","email","guest","Demo Camper","rv_2dffb25f8bef4151bc"
"3012c565-8911-4f6b-9619-99af2b4f6404","quickcheckin-0c4e35b92298@example.com","2026-05-22T18:31:59.536861Z","2026-05-22T18:31:59.862354Z","2026-05-22T18:31:59.56627Z","email","guest","Demo Camper","rv_3012c56589114f6b96"
"c9ebf29c-8b13-405d-9c47-c4330e7e2ae6","quickcheckin-060e4c431ee1@example.com","2026-05-22T18:31:38.53883Z","2026-05-22T18:31:39.006172Z","2026-05-22T18:31:38.596722Z","email","guest","Demo Camper","rv_c9ebf29c8b13405d9c"
"3888f83f-9b04-444f-9caf-8d124919c4bf","quickcheckin-b0caecea57ab@example.com","2026-05-22T18:27:15.529723Z","2026-05-22T18:27:15.864577Z","2026-05-22T18:27:15.562954Z","email","guest","Demo Camper","rv_3888f83f9b04444f9c"
"2433fcdd-cfb3-450b-8db5-69c7dbfb64a4","quickcheckin-afdb0aa33248@example.com","2026-05-22T18:26:10.550142Z","2026-05-22T18:26:10.822364Z","2026-05-22T18:26:10.580049Z","email","guest","Demo Camper","rv_2433fcddcfb3450b8d"
"931a255a-eb10-46ff-9f52-3592be003eb4","quickcheckin-cd125879aebd@example.com","2026-05-22T18:25:12.123007Z","2026-05-22T18:25:12.404725Z","2026-05-22T18:25:12.132815Z","email","guest","Demo Camper","rv_931a255aeb1046ff9f"
"dba516a3-a509-46ef-8ca2-2902d4f64a05","quickcheckin-dcc890dbc481@example.com","2026-05-22T18:25:07.918236Z","2026-05-22T18:25:08.228154Z","2026-05-22T18:25:07.943444Z","email","guest","Demo Camper","rv_dba516a3a50946ef8c"
"6720a1b3-6e8a-422e-a492-f271e94b39a3","quickcheckin-acab72d2000c@example.com","2026-05-22T18:24:38.000436Z","2026-05-22T18:24:38.330508Z","2026-05-22T18:24:38.029833Z","email","guest","Demo Camper","rv_6720a1b36e8a422ea4"
"77478692-720e-4e77-8d15-b36e41e6f78b","quickcheckin-190fe200a62c@example.com","2026-05-22T18:24:19.443632Z","2026-05-22T18:24:19.662141Z","2026-05-22T18:24:19.456191Z","email","guest","Demo Camper","rv_77478692720e4e778d"
"3471e5cb-403d-425b-a414-7cec7d6d6e0a","quickcheckin-0ed22125498b@example.com","2026-05-22T18:24:10.955845Z","2026-05-22T18:24:11.193754Z","2026-05-22T18:24:10.980963Z","email","guest","Demo Camper","rv_3471e5cb403d425ba4"
"12803d0b-1678-4073-9357-d4ba28a26de3","quickcheckin-b6c8bc9dcae7@example.com","2026-05-22T18:23:50.534805Z","2026-05-22T18:23:50.91944Z","2026-05-22T18:23:50.614162Z","email","guest","Demo Camper","rv_12803d0b1678407393"
"4562a6bc-0ab6-4136-a346-e8add6a13420","quickcheckin-28da24d351aa@example.com","2026-05-22T18:21:51.177074Z","2026-05-22T18:21:51.450101Z","2026-05-22T18:21:51.184417Z","email","guest","Demo Camper","rv_4562a6bc0ab64136a3"
"0b28d9b5-76a8-4097-b846-705328f92517","quickcheckin-240061890089@example.com","2026-05-22T18:21:25.868603Z","2026-05-22T18:21:26.146282Z","2026-05-22T18:21:25.895409Z","email","guest","Demo Camper","rv_0b28d9b576a84097b8"
"ee562cd8-bede-41d7-bb6c-f13e1e1e5043","quickcheckin-8405cbc58ed3@example.com","2026-05-22T18:19:24.915508Z","2026-05-22T18:19:25.379929Z","2026-05-22T18:19:24.953732Z","email","guest","Demo Camper","rv_ee562cd8bede41d7bb"
"373eb82a-2b34-4640-95f0-c294030016b9","quickcheckin-152f1d08c9cd@example.com","2026-05-22T18:18:10.148126Z","2026-05-22T18:18:10.438604Z","2026-05-22T18:18:10.168315Z","email","guest","Demo Camper","rv_373eb82a2b34464095"
"5c104637-6dcb-4635-965e-bbb7ab97a8ef","quickcheckin-24ba3a10b908@example.com","2026-05-22T18:18:06.590613Z","2026-05-22T18:18:06.834276Z","2026-05-22T18:18:06.597017Z","email","guest","Demo Camper","rv_5c1046376dcb463596"
"7d0c73a3-1b3d-43a6-b907-88fe75a6ea5c","quickcheckin-0d5b5a8bef4a@example.com","2026-05-22T18:17:54.569264Z","2026-05-22T18:17:54.811343Z","2026-05-22T18:17:54.574495Z","email","guest","Demo Camper","rv_7d0c73a31b3d43a6b9"
"e1b3109d-19dd-469f-bdf5-4cf24433d76e","quickcheckin-566abde93585@example.com","2026-05-22T18:17:24.101878Z","2026-05-22T18:17:24.333135Z","2026-05-22T18:17:24.107914Z","email","guest","Demo Camper","rv_e1b3109d19dd469fbd"
"157fdcc1-3101-440c-9d6d-f5aa8f5d8757","quickcheckin-774eb77c08f7@example.com","2026-05-22T18:17:22.901955Z","2026-05-22T18:17:23.14799Z","2026-05-22T18:17:22.910743Z","email","guest","Demo Camper","rv_157fdcc13101440c9d"
"919695d9-51e9-42bb-a014-1f17b46c35aa","quickcheckin-69f330eee6be@example.com","2026-05-22T18:17:02.327435Z","2026-05-22T18:17:02.640349Z","2026-05-22T18:17:02.359157Z","email","guest","Demo Camper","rv_919695d951e942bba0"
"8933cba3-fe13-4c7b-a9a1-9bd1b74fd995","quickcheckin-f792815ae7b3@example.com","2026-05-22T18:16:42.580829Z","2026-05-22T18:16:42.789615Z","2026-05-22T18:16:42.58415Z","email","guest","Demo Camper","rv_8933cba3fe134c7ba9"
"58e71544-cfd4-45b3-b25e-0e76ea85ef39","quickcheckin-ab549692199e@example.com","2026-05-22T18:16:41.355153Z","2026-05-22T18:16:41.635005Z","2026-05-22T18:16:41.396283Z","email","guest","Demo Camper","rv_58e71544cfd445b3b2"
"463d633e-5fcf-4667-b988-941a088fec1e","quickcheckin-acdbe4d0861b@example.com","2026-05-22T18:16:24.896478Z","2026-05-22T18:16:25.090533Z","2026-05-22T18:16:24.899652Z","email","guest","Demo Camper","rv_463d633e5fcf4667b9"
"04229901-06ce-48d9-81d8-48e33401344f","quickcheckin-9c8019dcd5c3@example.com","2026-05-22T18:16:22.788512Z","2026-05-22T18:16:23.023631Z","2026-05-22T18:16:22.792276Z","email","guest","Demo Camper","rv_0422990106ce48d981"
"fe3e0542-225b-4484-a0d2-faa727c2e55e","quickcheckin-67be766e30cc@example.com","2026-05-22T18:16:05.33725Z","2026-05-22T18:16:05.539102Z","2026-05-22T18:16:05.340044Z","email","guest","Demo Camper","rv_fe3e0542225b4484a0"
"70054214-439b-4389-80be-45390dd8b00f","quickcheckin-c5e904db5b99@example.com","2026-05-22T18:16:02.012958Z","2026-05-22T18:16:02.288475Z","2026-05-22T18:16:02.03811Z","email","guest","Demo Camper","rv_70054214439b438980"
"c839410d-9f08-4d7a-af7c-e64f5d595678","quickcheckin-35602acbaf4f@example.com","2026-05-22T18:15:51.002952Z","2026-05-22T18:15:51.243811Z","2026-05-22T18:15:51.006063Z","email","guest","Demo Camper","rv_c839410d9f084d7aaf"
"e1a2bb3f-0d25-42e2-8747-804ea619c2fa","quickcheckin-78177cbeb0ce@example.com","2026-05-22T18:15:36.821724Z","2026-05-22T18:15:37.073839Z","2026-05-22T18:15:36.826478Z","email","guest","Demo Camper","rv_e1a2bb3f0d2542e287"
"376db3cc-02af-4afc-a84c-7f33a7b42cfa","quickcheckin-f0032148dd25@example.com","2026-05-22T18:15:36.76146Z","2026-05-22T18:15:36.974849Z","2026-05-22T18:15:36.767761Z","email","guest","Demo Camper","rv_376db3cc02af4afca8"
"86edc876-1d2e-46fb-b9b5-16414a916044","quickcheckin-e5c48c0948b0@example.com","2026-05-22T18:15:18.206247Z","2026-05-22T18:15:18.43724Z","2026-05-22T18:15:18.210829Z","email","guest","Demo Camper","rv_86edc8761d2e46fbb9"
"b6281adf-3fee-4c21-b7d9-4480e9681961","quickcheckin-f76134e64445@example.com","2026-05-22T18:15:18.104237Z","2026-05-22T18:15:18.35905Z","2026-05-22T18:15:18.128708Z","email","guest","Demo Camper","rv_b6281adf3fee4c21b7"
"5130ded0-dff3-4ea8-8a1d-b7e259dbc6ee","quickcheckin-07cd6b83bb7a@example.com","2026-05-22T18:14:52.623903Z","2026-05-22T18:14:52.855637Z","2026-05-22T18:14:52.633804Z","email","guest","Demo Camper","rv_5130ded0dff34ea88a"
"0ae12fae-64e7-4031-ae50-6627c0ca919f","quickcheckin-2d05f545af34@example.com","2026-05-22T18:14:39.305124Z","2026-05-22T18:14:39.738362Z","2026-05-22T18:14:39.42577Z","email","guest","Demo Camper","rv_0ae12fae64e74031ae"
"cd4d3bba-e1b7-4025-84a6-f2f277b43131","quickcheckin-3fd02937db47@example.com","2026-05-22T18:14:08.787792Z","2026-05-22T18:14:09.069154Z","2026-05-22T18:14:08.804063Z","email","guest","Demo Camper","rv_cd4d3bbae1b7402584"
"e9b3d1bf-fad6-4ff9-8f73-2832b7a35f5b","quickcheckin-6c199e547472@example.com","2026-05-22T18:13:52.672901Z","2026-05-22T18:13:52.909695Z","2026-05-22T18:13:52.676599Z","email","guest","Demo Camper","rv_e9b3d1bffad64ff98f"
"d8586e8d-121f-4d23-a2f3-098590d4f727","quickcheckin-f4a13ebb0bc6@example.com","2026-05-22T18:13:48.232377Z","2026-05-22T18:13:48.484742Z","2026-05-22T18:13:48.23557Z","email","guest","Demo Camper","rv_d8586e8d121f4d23a2"
"f6424b91-706d-4f8a-aac2-10bd5632407e","quickcheckin-4762b53aee3c@example.com","2026-05-22T18:13:40.750276Z","2026-05-22T18:13:40.979906Z","2026-05-22T18:13:40.75495Z","email","guest","Demo Camper","rv_f6424b91706d4f8aaa"
"157c0736-754e-4702-9bbd-e48b82337652","quickcheckin-6524daef6213@example.com","2026-05-22T18:13:17.18155Z","2026-05-22T18:13:17.41691Z","2026-05-22T18:13:17.187621Z","email","guest","Demo Camper","rv_157c0736754e47029b"
"198f0784-06ee-424e-bd72-60680452449a","quickcheckin-ad23123d2c16@example.com","2026-05-22T18:13:16.85851Z","2026-05-22T18:13:17.098667Z","2026-05-22T18:13:16.863763Z","email","guest","Demo Camper","rv_198f078406ee424ebd"
"85ad000c-fec6-4b35-b16f-a864cc548cf4","quickcheckin-dbadbf5d1d65@example.com","2026-05-22T18:13:10.081887Z","2026-05-22T18:13:10.321241Z","2026-05-22T18:13:10.086859Z","email","guest","Demo Camper","rv_85ad000cfec64b35b1"
"d59992fa-31b5-445e-a9d8-411c639986a7","quickcheckin-d11c5fdb4189@example.com","2026-05-22T18:13:05.154176Z","2026-05-22T18:13:05.392328Z","2026-05-22T18:13:05.172467Z","email","guest","Demo Camper","rv_d59992fa31b5445ea9"
"1a427a0c-c512-4159-93a7-5312e6262048","quickcheckin-7ed7bb844d73@example.com","2026-05-22T18:12:59.804948Z","2026-05-22T18:13:00.034201Z","2026-05-22T18:12:59.809776Z","email","guest","Demo Camper","rv_1a427a0cc512415993"
"53c36d81-5c89-40b5-95ac-34ba1035d496","quickcheckin-5d469c49b20f@example.com","2026-05-22T18:12:55.861347Z","2026-05-22T18:12:56.275804Z","2026-05-22T18:12:55.983731Z","email","guest","Demo Camper","rv_53c36d815c8940b595"
"99ad66c8-3aec-4fe8-9eb1-5d16082be5c8","quickcheckin-420eb1234a92@example.com","2026-05-22T18:12:50.87264Z","2026-05-22T18:12:51.14686Z","2026-05-22T18:12:50.878458Z","email","guest","Demo Camper","rv_99ad66c83aec4fe89e"
"b33cbd55-019c-4ad9-a159-d818ffd7972f","quickcheckin-179362821ce3@example.com","2026-05-22T18:12:37.508526Z","2026-05-22T18:12:37.783331Z","2026-05-22T18:12:37.512165Z","email","guest","Demo Camper","rv_b33cbd55019c4ad9a1"
"be18f4fe-558b-467e-90bc-548b782c8a43","quickcheckin-d856baeddb72@example.com","2026-05-22T18:12:37.456831Z","2026-05-22T18:12:37.674566Z","2026-05-22T18:12:37.465483Z","email","guest","Demo Camper","rv_be18f4fe558b467e90"
"69610f73-2caf-46b8-b25b-9da44f75e90d","quickcheckin-5a5e749d5236@example.com","2026-05-22T18:12:30.337061Z","2026-05-22T18:12:30.625797Z","2026-05-22T18:12:30.38179Z","email","guest","Demo Camper","rv_69610f732caf46b8b2"
"95090f49-4c10-46c7-aace-cfa0db21404b","quickcheckin-697b6cae43f0@example.com","2026-05-22T18:12:12.233214Z","2026-05-22T18:12:12.699446Z","2026-05-22T18:12:12.236151Z","email","guest","Demo Camper","rv_95090f494c1046c7aa"
"56a5d2c8-7ddc-4d93-ac3b-837c0b2820fa","quickcheckin-7408bf424218@example.com","2026-05-22T18:12:10.55468Z","2026-05-22T18:12:10.794264Z","2026-05-22T18:12:10.56037Z","email","guest","Demo Camper","rv_56a5d2c87ddc4d93ac"
"fcf03893-9f4b-415f-bf24-7851e60970e5","quickcheckin-02e5f2f57fd5@example.com","2026-05-22T18:12:10.126862Z","2026-05-22T18:12:10.39375Z","2026-05-22T18:12:10.139716Z","email","guest","Demo Camper","rv_fcf038939f4b415fbf"
"9a663dba-ee3b-48cc-a310-ad5e3631d3f6","quickcheckin-499871063ce8@example.com","2026-05-22T18:11:50.225112Z","2026-05-22T18:11:50.459938Z","2026-05-22T18:11:50.238023Z","email","guest","Demo Camper","rv_9a663dbaee3b48cca3"
"dc18fbf6-cc59-4953-b5e6-2ade4677bb4a","quickcheckin-a4f3e4ff666b@example.com","2026-05-22T18:11:46.258938Z","2026-05-22T18:11:46.490998Z","2026-05-22T18:11:46.268901Z","email","guest","Demo Camper","rv_dc18fbf6cc594953b5"
"28616ee1-6a1d-4d41-8add-90613fb5452f","quickcheckin-e6dc15570ddb@example.com","2026-05-22T18:11:46.065278Z","2026-05-22T18:11:46.360225Z","2026-05-22T18:11:46.103553Z","email","guest","Demo Camper","rv_28616ee16a1d4d418a"
"60a52d24-bd43-4ad3-b138-648bba9aed86","quickcheckin-1c5808d0c83e@example.com","2026-05-22T18:11:05.746101Z","2026-05-22T18:11:06.062836Z","2026-05-22T18:11:05.759424Z","email","guest","Demo Camper","rv_60a52d24bd434ad3b1"
"089c98f8-2e97-4eca-9363-49450d50cc32","quickcheckin-2c2a182a33b6@example.com","2026-05-22T18:10:08.625233Z","2026-05-22T18:10:09.17046Z","2026-05-22T18:10:08.692344Z","email","guest","Demo Camper","rv_089c98f82e974eca93"
"ad72bf6e-2e1b-47a8-bb07-f26e76b22f9e","quickcheckin-4be34f016320@example.com","2026-05-22T17:37:39.170619Z","2026-05-22T17:37:39.474432Z","2026-05-22T17:37:39.193646Z","email","guest","Demo Camper","rv_ad72bf6e2e1b47a8bb"
"6fbf2cef-3cdb-4e63-afd3-5e5a1ddb9f16","quickcheckin-1276b289d158@example.com","2026-05-22T17:36:40.837033Z","2026-05-22T17:36:41.277155Z","2026-05-22T17:36:40.867449Z","email","guest","Demo Camper","rv_6fbf2cef3cdb4e63af"
"4f929e01-6d0f-4106-97e8-697045815650","quickcheckin-f286d8269f79@example.com","2026-05-22T17:29:37.223787Z","2026-05-22T17:29:37.526693Z","2026-05-22T17:29:37.250517Z","email","guest","Demo Camper","rv_4f929e016d0f410697"
"4dead976-bda0-4836-b54b-6aed7169e237","quickcheckin-94b4cdbe9bd2@example.com","2026-05-22T17:28:38.591594Z","2026-05-22T17:28:38.91685Z","2026-05-22T17:28:38.619175Z","email","guest","Demo Camper","rv_4dead976bda04836b5"
"60b2ed8c-93ca-46a9-a27d-190970de780d","quickcheckin-1fd45d480aff@example.com","2026-05-22T17:28:18.610247Z","2026-05-22T17:28:18.832702Z","2026-05-22T17:28:18.61416Z","email","guest","Demo Camper","rv_60b2ed8c93ca46a9a2"
"63d52ba5-b408-4782-adfe-ffa94f26d4e5","quickcheckin-3dc85ae1a8c2@example.com","2026-05-22T17:28:17.012483Z","2026-05-22T17:28:17.246006Z","2026-05-22T17:28:17.017266Z","email","guest","Demo Camper","rv_63d52ba5b4084782ad"
"737a1092-4fa9-47d1-9587-b75449b70710","quickcheckin-e6298ff788a5@example.com","2026-05-22T17:28:01.250426Z","2026-05-22T17:28:01.59631Z","2026-05-22T17:28:01.280756Z","email","guest","Demo Camper","rv_737a10924fa947d195"
"95d0bb31-0d59-4a70-b41e-67e6a7b2bfc0","quickcheckin-95548f2da509@example.com","2026-05-22T17:27:45.2686Z","2026-05-22T17:27:45.546403Z","2026-05-22T17:27:45.271867Z","email","guest","Demo Camper","rv_95d0bb310d594a70b4"
"c9af8778-19ea-44d3-a212-ae863cb325ed","quickcheckin-19aa1c0a8e30@example.com","2026-05-22T17:27:26.913638Z","2026-05-22T17:27:27.201048Z","2026-05-22T17:27:26.920233Z","email","guest","Demo Camper","rv_c9af877819ea44d3a2"
"74cc76eb-3e85-4a83-aa0c-97592918eb0e","quickcheckin-5b3e0cd1e8bc@example.com","2026-05-22T17:27:07.555007Z","2026-05-22T17:27:07.809862Z","2026-05-22T17:27:07.577611Z","email","guest","Demo Camper","rv_74cc76eb3e854a83aa"
"804be4ae-8ca0-449c-94c4-a89e213d863e","quickcheckin-65781c8b786a@example.com","2026-05-22T17:27:00.260041Z","2026-05-22T17:27:00.516901Z","2026-05-22T17:27:00.285264Z","email","guest","Demo Camper","rv_804be4ae8ca0449c94"
"909b4ebd-f5d7-4bb6-bfb2-97cd4fddaf3f","quickcheckin-a716e3d6af2c@example.com","2026-05-22T17:26:34.877299Z","2026-05-22T17:26:35.144701Z","2026-05-22T17:26:34.900132Z","email","guest","Demo Camper","rv_909b4ebdf5d74bb6bf"
"e8194a77-bb75-42c1-a096-126c05d5a64d","quickcheckin-f0f869270098@example.com","2026-05-22T17:26:33.083259Z","2026-05-22T17:26:33.432524Z","2026-05-22T17:26:33.174788Z","email","guest","Demo Camper","rv_e8194a77bb7542c1a0"
"94167ef5-e197-4fea-a464-3cb23ed13e4c","quickcheckin-a86801bba8a4@example.com","2026-05-22T17:26:19.27221Z","2026-05-22T17:26:19.482583Z","2026-05-22T17:26:19.277965Z","email","guest","Demo Camper","rv_94167ef5e1974feaa4"
"61de7c63-1f6e-4135-a87c-2554d37ff8c0","quickcheckin-c20a90bb6a68@example.com","2026-05-22T17:26:17.281531Z","2026-05-22T17:26:17.529941Z","2026-05-22T17:26:17.287799Z","email","guest","Demo Camper","rv_61de7c631f6e4135a8"
"6806f80a-4e3a-484e-87fa-5ac3675611ac","quickcheckin-a8b83f6e5edb@example.com","2026-05-22T17:26:01.027605Z","2026-05-22T17:26:01.285797Z","2026-05-22T17:26:01.041068Z","email","guest","Demo Camper","rv_6806f80a4e3a484e87"
"8556be05-1ae7-46fc-9088-f4c2d0019557","quickcheckin-151efafe6147@example.com","2026-05-22T17:25:59.012584Z","2026-05-22T17:25:59.419647Z","2026-05-22T17:25:59.117713Z","email","guest","Demo Camper","rv_8556be051ae746fc90"
"27528396-9bfc-443e-a949-6971442355b5","quickcheckin-ea2fc10007be@example.com","2026-05-22T17:25:38.137605Z","2026-05-22T17:25:38.389386Z","2026-05-22T17:25:38.159963Z","email","guest","Demo Camper","rv_275283969bfc443ea9"
"b37b96b7-da1f-4a4d-956d-47786b4180be","quickcheckin-7904903c38b7@example.com","2026-05-22T17:25:31.439608Z","2026-05-22T17:25:31.682Z","2026-05-22T17:25:31.445828Z","email","guest","Demo Camper","rv_b37b96b7da1f4a4d95"
"0b3a7bdd-5436-4879-ab25-cfdec7056181","quickcheckin-584f0c9813d3@example.com","2026-05-22T17:25:31.099927Z","2026-05-22T17:25:31.376796Z","2026-05-22T17:25:31.107537Z","email","guest","Demo Camper","rv_0b3a7bdd54364879ab"
"33e50c85-a6e2-46c5-9472-fb84ed093166","quickcheckin-3ede85f67437@example.com","2026-05-22T17:25:17.841437Z","2026-05-22T17:25:18.135881Z","2026-05-22T17:25:17.858599Z","email","guest","Demo Camper","rv_33e50c85a6e246c594"
"c4655cfc-39cb-484e-b006-7f622b6b33b0","quickcheckin-424c731de429@example.com","2026-05-22T17:24:50.955781Z","2026-05-22T17:24:51.24295Z","2026-05-22T17:24:50.962875Z","email","guest","Demo Camper","rv_c4655cfc39cb484eb0"
"a8d9269b-070c-4682-a328-f033ff85d32f","quickcheckin-04403147971e@example.com","2026-05-22T17:24:49.333842Z","2026-05-22T17:24:49.629605Z","2026-05-22T17:24:49.369911Z","email","guest","Demo Camper","rv_a8d9269b070c4682a3"
"de5137ea-dddb-49d4-af0d-c6a2d37abaff","quickcheckin-c7207b5c083b@example.com","2026-05-22T17:24:30.740238Z","2026-05-22T17:24:31.273933Z","2026-05-22T17:24:30.805992Z","email","guest","Demo Camper","rv_de5137eadddb49d4af"
"bd36a817-c95a-4613-aed4-8a92daea856d","quickcheckin-88f4a0c5dafe@example.com","2026-05-22T17:24:17.364105Z","2026-05-22T17:24:18.029878Z","2026-05-22T17:24:17.500436Z","email","guest","Demo Camper","rv_bd36a817c95a4613ae"
"833e0ef5-964f-4702-a2ce-36eea564c73a","quickcheckin-18f392c270f1@example.com","2026-05-22T17:23:57.071963Z","2026-05-22T17:23:57.407783Z","2026-05-22T17:23:57.164421Z","email","guest","Demo Camper","rv_833e0ef5964f4702a2"
"83ef5d43-33cf-4007-9503-91465d7fa61a","quickcheckin-1b4b4d927f91@example.com","2026-05-22T17:23:51.687277Z","2026-05-22T17:23:52.044873Z","2026-05-22T17:23:51.727632Z","email","guest","Demo Camper","rv_83ef5d4333cf400795"
"12f25cc7-099e-494e-98f3-0eea6a789676","quickcheckin-aab9be4e56f4@example.com","2026-05-22T17:23:43.565647Z","2026-05-22T17:23:43.799106Z","2026-05-22T17:23:43.569606Z","email","guest","Demo Camper","rv_12f25cc7099e494e98"
"1a2bdf68-549c-4d69-bf27-c65aeeaa9f5d","quickcheckin-b91d7695922b@example.com","2026-05-22T17:23:42.898367Z","2026-05-22T17:23:43.180269Z","2026-05-22T17:23:42.901565Z","email","guest","Demo Camper","rv_1a2bdf68549c4d69bf"
"90956615-1864-4465-9e22-6bc1bc0f61ea","quickcheckin-87f6ecdad7ba@example.com","2026-05-22T17:23:31.735268Z","2026-05-22T17:23:31.947732Z","2026-05-22T17:23:31.738258Z","email","guest","Demo Camper","rv_90956615186444659e"
"0d76017b-277e-4145-a079-42f29ec875e2","quickcheckin-582fb1f6c100@example.com","2026-05-22T17:23:31.661814Z","2026-05-22T17:23:31.930324Z","2026-05-22T17:23:31.668349Z","email","guest","Demo Camper","rv_0d76017b277e4145a0"
"ec667329-34e6-4619-9aad-25f42168aa53","quickcheckin-9d4e63e3250b@example.com","2026-05-22T17:23:23.137089Z","2026-05-22T17:23:23.365335Z","2026-05-22T17:23:23.1399Z","email","guest","Demo Camper","rv_ec66732934e646199a"
"31b9c272-dcb0-45bc-a682-8f4f4daff792","quickcheckin-d1e3ccc2ee87@example.com","2026-05-22T17:23:21.646119Z","2026-05-22T17:23:21.959295Z","2026-05-22T17:23:21.652795Z","email","guest","Demo Camper","rv_31b9c272dcb045bca6"
"88092039-eca9-4f88-823f-c981ffe1ce12","quickcheckin-a0ea794b3702@example.com","2026-05-22T17:23:04.29119Z","2026-05-22T17:23:04.50863Z","2026-05-22T17:23:04.294164Z","email","guest","Demo Camper","rv_88092039eca94f8882"
"76fd88cc-99da-4775-b488-f9ceffaa231d","quickcheckin-3df69a072712@example.com","2026-05-22T17:23:03.015269Z","2026-05-22T17:23:03.237886Z","2026-05-22T17:23:03.019991Z","email","guest","Demo Camper","rv_76fd88cc99da4775b4"
"9df3f25f-748b-4728-a6c7-9d77acd68952","quickcheckin-7d5ff7c06665@example.com","2026-05-22T17:22:56.995924Z","2026-05-22T17:22:57.29071Z","2026-05-22T17:22:57.024119Z","email","guest","Demo Camper","rv_9df3f25f748b4728a6"
"59a0c18d-81fc-4242-afc6-543340f0c6c6","quickcheckin-cb1061e8563d@example.com","2026-05-22T17:22:48.505986Z","2026-05-22T17:22:48.744064Z","2026-05-22T17:22:48.509398Z","email","guest","Demo Camper","rv_59a0c18d81fc4242af"
"439228b3-586f-4066-ac0b-99223f93495b","quickcheckin-5d0151f6f4e5@example.com","2026-05-22T17:22:41.609616Z","2026-05-22T17:22:41.815958Z","2026-05-22T17:22:41.613238Z","email","guest","Demo Camper","rv_439228b3586f4066ac"
"4fff0427-241d-4026-ac6a-bdeede3523d6","quickcheckin-35de3dbc671b@example.com","2026-05-22T17:22:36.463794Z","2026-05-22T17:22:36.699638Z","2026-05-22T17:22:36.48716Z","email","guest","Demo Camper","rv_4fff0427241d4026ac"
"9223aa02-4a21-4b88-b788-c5f5b469e118","quickcheckin-02658c55b608@example.com","2026-05-22T17:22:29.814066Z","2026-05-22T17:22:30.088755Z","2026-05-22T17:22:29.848051Z","email","guest","Demo Camper","rv_9223aa024a214b88b7"
"d26299c4-7602-4afa-b37a-568b36e2f24a","quickcheckin-7e9156a64d7c@example.com","2026-05-22T17:22:21.500192Z","2026-05-22T17:22:21.751931Z","2026-05-22T17:22:21.504931Z","email","guest","Demo Camper","rv_d26299c476024afab3"
"9ca2c6dd-47a5-4cba-b73d-6283326068d4","quickcheckin-8514585269f0@example.com","2026-05-22T17:22:16.929513Z","2026-05-22T17:22:17.200162Z","2026-05-22T17:22:16.937318Z","email","guest","Demo Camper","rv_9ca2c6dd47a54cbab7"
"56b50897-f341-499a-8929-9d01bc6e7287","quickcheckin-776373331dbe@example.com","2026-05-22T17:22:13.344611Z","2026-05-22T17:22:13.605011Z","2026-05-22T17:22:13.360905Z","email","guest","Demo Camper","rv_56b50897f341499a89"
"efa339a5-b556-4c34-9d63-7a3b4e00e916","quickcheckin-d03fbf2361cc@example.com","2026-05-22T17:21:51.370988Z","2026-05-22T17:21:51.602925Z","2026-05-22T17:21:51.374194Z","email","guest","Demo Camper","rv_efa339a5b5564c349d"
"76404367-3513-49f5-974f-b099627442a4","quickcheckin-247d22dac96b@example.com","2026-05-22T17:21:49.380686Z","2026-05-22T17:21:49.593557Z","2026-05-22T17:21:49.383878Z","email","guest","Demo Camper","rv_76404367351349f597"
"b86bcc77-eeff-48b8-b675-874341558cc2","quickcheckin-b0542ee0f70c@example.com","2026-05-22T17:21:42.90403Z","2026-05-22T17:21:43.122568Z","2026-05-22T17:21:42.909065Z","email","guest","Demo Camper","rv_b86bcc77eeff48b8b6"
"fbb7295d-b1c7-490f-a1d9-205998fe4cd0","quickcheckin-838ec92c98f8@example.com","2026-05-22T17:21:08.938161Z","2026-05-22T17:21:09.241121Z","2026-05-22T17:21:08.988637Z","email","guest","Demo Camper","rv_fbb7295db1c7490fa1"
"c4b2b962-7591-4a3c-9e32-40b1f91f171a","quickcheckin-d10bc6f1e7d9@example.com","2026-05-22T17:20:46.840478Z","2026-05-22T17:20:47.071641Z","2026-05-22T17:20:46.844964Z","email","guest","Demo Camper","rv_c4b2b96275914a3c9e"
"c61bbae3-d46d-428b-8a0b-0602d406e44f","quickcheckin-20b33e359fc8@example.com","2026-05-22T17:20:45.555395Z","2026-05-22T17:20:45.856425Z","2026-05-22T17:20:45.561608Z","email","guest","Demo Camper","rv_c61bbae3d46d428b8a"
"51a51201-bc5b-47bc-b83f-e7d1cbac5778","quickcheckin-25e8c32b308f@example.com","2026-05-22T17:20:40.141903Z","2026-05-22T17:20:40.476301Z","2026-05-22T17:20:40.17032Z","email","guest","Demo Camper","rv_51a51201bc5b47bcb8"
"7580db84-eaf2-45ce-8752-f448ce30081c","quickcheckin-55ad6ea4e975@example.com","2026-05-22T17:19:52.875015Z","2026-05-22T17:19:53.097431Z","2026-05-22T17:19:52.880592Z","email","guest","Demo Camper","rv_7580db84eaf245ce87"
"4f9dd57b-fec5-4d1f-be24-37b9585d2d1e","quickcheckin-6ebda7169c7e@example.com","2026-05-22T17:19:52.823441Z","2026-05-22T17:19:53.059914Z","2026-05-22T17:19:52.828034Z","email","guest","Demo Camper","rv_4f9dd57bfec54d1fbe"
"2d019b79-e14b-4ae2-be23-296f19a41eec","quickcheckin-8f09b2c7321b@example.com","2026-05-22T17:19:39.77124Z","2026-05-22T17:19:40.032881Z","2026-05-22T17:19:39.777426Z","email","guest","Demo Camper","rv_2d019b79e14b4ae2be"
"99cf8580-4f45-4aee-89d6-ae65abfc94a3","quickcheckin-a3b52f77c0cf@example.com","2026-05-22T17:19:37.379375Z","2026-05-22T17:19:37.805707Z","2026-05-22T17:19:37.442473Z","email","guest","Demo Camper","rv_99cf85804f454aee89"
"5a6a5bd6-db0a-49ba-a7b6-8f16eea68b38","quickcheckin-d6df683ff108@example.com","2026-05-22T17:14:57.017454Z","2026-05-22T17:14:57.306683Z","2026-05-22T17:14:57.023404Z","email","guest","Demo Camper","rv_5a6a5bd6db0a49baa7"
"cd7512a4-93e0-47e8-a907-dbc8420da8b3","quickcheckin-5a67aa6462a6@example.com","2026-05-22T17:14:39.329446Z","2026-05-22T17:14:39.619505Z","2026-05-22T17:14:39.338176Z","email","guest","Demo Camper","rv_cd7512a493e047e8a9"
"89d556dc-c4e4-41c3-b3cb-dfad14f210c9","quickcheckin-7f29d8426e3e@example.com","2026-05-22T17:14:18.646224Z","2026-05-22T17:14:18.913215Z","2026-05-22T17:14:18.67548Z","email","guest","Demo Camper","rv_89d556dcc4e441c3b3"
"676a526c-df88-441b-806e-19c43597fde5","quickcheckin-b7bfbeca8a87@example.com","2026-05-22T17:14:07.449218Z","2026-05-22T17:14:07.844494Z","2026-05-22T17:14:07.452955Z","email","guest","Demo Camper","rv_676a526cdf88441b80"
"10b526a8-70cc-4f85-9dc8-c46935c066f5","quickcheckin-058c7a79ac4a@example.com","2026-05-22T17:14:05.636288Z","2026-05-22T17:14:05.870777Z","2026-05-22T17:14:05.639546Z","email","guest","Demo Camper","rv_10b526a870cc4f859d"
"27d58192-19fb-4e55-bc6d-3e497cb7a9f8","quickcheckin-914012e6d19d@example.com","2026-05-22T17:14:02.883072Z","2026-05-22T17:14:03.215394Z","2026-05-22T17:14:02.9141Z","email","guest","Demo Camper","rv_27d5819219fb4e55bc"
"91b9576c-86ec-40da-9961-528d5327f58d","quickcheckin-151c72929166@example.com","2026-05-22T17:13:51.142041Z","2026-05-22T17:13:51.401836Z","2026-05-22T17:13:51.144897Z","email","guest","Demo Camper","rv_91b9576c86ec40da99"
"3307c54d-3b0a-4f34-a318-8a66919fad5b","quickcheckin-652969b22d0f@example.com","2026-05-22T17:13:44.093908Z","2026-05-22T17:13:44.308077Z","2026-05-22T17:13:44.104688Z","email","guest","Demo Camper","rv_3307c54d3b0a4f34a3"
"24d6044e-8f37-4de9-8f0e-c127b7ea8986","quickcheckin-3fc8b4e5ebe4@example.com","2026-05-22T17:13:31.648861Z","2026-05-22T17:13:31.887719Z","2026-05-22T17:13:31.655299Z","email","guest","Demo Camper","rv_24d6044e8f374de98f"
"b2e38858-108e-46ed-bfc3-d410f77e0909","quickcheckin-53078cadc37a@example.com","2026-05-22T17:13:31.417604Z","2026-05-22T17:13:31.652887Z","2026-05-22T17:13:31.425899Z","email","guest","Demo Camper","rv_b2e38858108e46edbf"
"56978605-f425-4b62-af46-3f9f085273fc","quickcheckin-5bca2aab954d@example.com","2026-05-22T17:13:25.875803Z","2026-05-22T17:13:26.128454Z","2026-05-22T17:13:25.885274Z","email","guest","Demo Camper","rv_56978605f4254b62af"
"2047fc8e-48f4-41ba-9dd6-183d9421970c","quickcheckin-7ff69498b518@example.com","2026-05-22T17:13:03.746011Z","2026-05-22T17:13:04.093759Z","2026-05-22T17:13:03.831828Z","email","guest","Demo Camper","rv_2047fc8e48f441ba9d"
"7765f7e2-62a8-4247-96d1-2da3d5668a24","quickcheckin-cc8a4afc2984@example.com","2026-05-22T17:13:00.475384Z","2026-05-22T17:13:00.787148Z","2026-05-22T17:13:00.482759Z","email","guest","Demo Camper","rv_7765f7e262a8424796"
"69d2dd1c-028d-4dd3-85d0-2ad72de20037","quickcheckin-f4f34577e7a6@example.com","2026-05-22T17:12:56.241917Z","2026-05-22T17:12:56.473202Z","2026-05-22T17:12:56.247749Z","email","guest","Demo Camper","rv_69d2dd1c028d4dd385"
"ba80429f-5542-4571-9a29-b74a86cb7234","quickcheckin-4e977248c146@example.com","2026-05-22T17:12:55.761362Z","2026-05-22T17:12:56.0015Z","2026-05-22T17:12:55.785498Z","email","guest","Demo Camper","rv_ba80429f554245719a"
"f4be41b0-83b0-4d54-840d-2a0885b992b3","quickcheckin-540025e80925@example.com","2026-05-22T17:12:44.956615Z","2026-05-22T17:12:45.18349Z","2026-05-22T17:12:44.965788Z","email","guest","Demo Camper","rv_f4be41b083b04d5484"
"0d94ef1d-ce24-4d41-b68d-b87f8db38ad2","quickcheckin-d4b83aeefe28@example.com","2026-05-22T17:12:32.737603Z","2026-05-22T17:12:32.966774Z","2026-05-22T17:12:32.746733Z","email","guest","Demo Camper","rv_0d94ef1dce244d41b6"
"523e07df-8f8d-4133-8b0b-a56d983ad630","quickcheckin-3de2cc773d58@example.com","2026-05-22T17:12:25.727125Z","2026-05-22T17:12:26.20431Z","2026-05-22T17:12:25.849081Z","email","guest","Demo Camper","rv_523e07df8f8d41338b"
"0b439f96-de35-49cf-ad7b-f5540342f002","quickcheckin-221e81bdaf84@example.com","2026-05-22T17:12:20.333679Z","2026-05-22T17:12:20.677232Z","2026-05-22T17:12:20.385947Z","email","guest","Demo Camper","rv_0b439f96de3549cfad"
"820c0110-9781-4f8b-b87e-d61b95cace1f","quickcheckin-1e9c24c5bed3@example.com","2026-05-22T17:12:19.903736Z","2026-05-22T17:12:20.21556Z","2026-05-22T17:12:19.913161Z","email","guest","Demo Camper","rv_820c011097814f8bb8"
"b2b04e81-dc47-43a4-9083-d83cbc7e527d","quickcheckin-3815ba12adbc@example.com","2026-05-22T17:12:17.950643Z","2026-05-22T17:12:18.424695Z","2026-05-22T17:12:18.08173Z","email","guest","Demo Camper","rv_b2b04e81dc4743a490"
"6868d85e-4524-438c-80a4-6aad8e83186f","quickcheckin-9d7dc5d602f9@example.com","2026-05-22T17:12:02.739083Z","2026-05-22T17:12:04.15985Z","2026-05-22T17:12:03.533822Z","email","guest","Demo Camper","rv_6868d85e4524438c80"
"c286df9d-1ecd-4e3e-b416-469d4ddbfa5e","quickcheckin-ee24270bb3c8@example.com","2026-05-22T17:11:48.973613Z","2026-05-22T17:11:49.204492Z","2026-05-22T17:11:48.989587Z","email","guest","Demo Camper","rv_c286df9d1ecd4e3eb4"
"e0b45c20-688e-4267-abb5-3cc223d1ce7a","quickcheckin-6c0bf4d3e10f@example.com","2026-05-22T17:11:43.938394Z","2026-05-22T17:11:44.268699Z","2026-05-22T17:11:43.952504Z","email","guest","Demo Camper","rv_e0b45c20688e4267ab"
"c5e4d2ae-4736-481b-aae8-bc3ffc7e8616","quickcheckin-452598b7fc25@example.com","2026-05-22T17:11:43.904417Z","2026-05-22T17:11:44.314909Z","2026-05-22T17:11:43.932783Z","email","guest","Demo Camper","rv_c5e4d2ae4736481baa"
"7ead8e29-a31c-4c94-a263-82855fed3d92","quickcheckin-86dce8195f57@example.com","2026-05-22T17:11:38.498402Z","2026-05-22T17:11:38.774436Z","2026-05-22T17:11:38.504264Z","email","guest","Demo Camper","rv_7ead8e29a31c4c94a2"
"275ee832-6ca8-4331-a26f-3ef9432c7730","quickcheckin-a11e46f3e5be@example.com","2026-05-22T17:11:35.578929Z","2026-05-22T17:11:35.943774Z","2026-05-22T17:11:35.68023Z","email","guest","Demo Camper","rv_275ee8326ca84331a2"
"77ad6ba5-cbf4-412e-aa46-18557dbb9ef4","quickcheckin-44ef4c224561@example.com","2026-05-22T17:11:13.824705Z","2026-05-22T17:11:14.076491Z","2026-05-22T17:11:13.829191Z","email","guest","Demo Camper","rv_77ad6ba5cbf4412eaa"
"25311604-f8b7-47ea-adba-226c1cd2e8ac","quickcheckin-cb125c0d8871@example.com","2026-05-22T17:11:10.627787Z","2026-05-22T17:11:10.936347Z","2026-05-22T17:11:10.686518Z","email","guest","Demo Camper","rv_25311604f8b747eaad"
"c4a8980c-011f-49b5-aaf3-8cbcbef350f0","quickcheckin-a5984a429955@example.com","2026-05-22T17:11:05.816602Z","2026-05-22T17:11:06.107325Z","2026-05-22T17:11:05.846999Z","email","guest","Demo Camper","rv_c4a8980c011f49b5aa"
"538f610a-a901-4a33-a96d-510bffab9be6","quickcheckin-1b82e8eba225@example.com","2026-05-22T17:10:20.673584Z","2026-05-22T17:10:20.93886Z","2026-05-22T17:10:20.67963Z","email","guest","Demo Camper","rv_538f610aa9014a33a9"
"6c0fb572-5b48-48bb-accd-32378c91d13d","quickcheckin-033ae3b5d5cc@example.com","2026-05-22T17:10:16.22229Z","2026-05-22T17:10:16.450652Z","2026-05-22T17:10:16.229569Z","email","guest","Demo Camper","rv_6c0fb5725b4848bbac"
"d0865f6c-7dc2-498b-be70-e521775ee172","quickcheckin-12c1bd4b8c73@example.com","2026-05-22T17:10:13.808458Z","2026-05-22T17:10:14.008883Z","2026-05-22T17:10:13.814048Z","email","guest","Demo Camper","rv_d0865f6c7dc2498bbe"
"7e2b96af-ee0f-4c86-9e87-022a63fac4a9","quickcheckin-f15b3f79df7e@example.com","2026-05-22T17:09:59.642587Z","2026-05-22T17:09:59.853093Z","2026-05-22T17:09:59.651754Z","email","guest","Demo Camper","rv_7e2b96afee0f4c869e"
"5fc68771-b93c-4597-ac1e-45890b26e6f3","quickcheckin-61fc9f7e6299@example.com","2026-05-22T17:09:59.38132Z","2026-05-22T17:09:59.619891Z","2026-05-22T17:09:59.38714Z","email","guest","Demo Camper","rv_5fc68771b93c4597ac"
"8cd68e80-104c-42ae-9a83-384711e33337","quickcheckin-6abba517b0a2@example.com","2026-05-22T17:09:57.280111Z","2026-05-22T17:09:57.514737Z","2026-05-22T17:09:57.28515Z","email","guest","Demo Camper","rv_8cd68e80104c42ae9a"
"ecf8d129-3cac-4d24-80e3-0e2d1d32bc83","quickcheckin-650ef721d17b@example.com","2026-05-22T17:09:57.079549Z","2026-05-22T17:09:57.408454Z","2026-05-22T17:09:57.082616Z","email","guest","Demo Camper","rv_ecf8d1293cac4d2480"
"efc5f898-1fcd-49be-b700-c429c3a5fbe7","quickcheckin-93ebd3307484@example.com","2026-05-22T17:09:55.547244Z","2026-05-22T17:09:55.789996Z","2026-05-22T17:09:55.560111Z","email","guest","Demo Camper","rv_efc5f8981fcd49beb7"
"b52fc4e8-30eb-4f39-90b5-dab9e1693c3c","quickcheckin-936b1a189191@example.com","2026-05-22T17:09:08.578895Z","2026-05-22T17:09:08.821536Z","2026-05-22T17:09:08.582199Z","email","guest","Demo Camper","rv_b52fc4e830eb4f3990"
"5ff33624-d4ad-4ce6-b500-6399256a36a4","quickcheckin-d0d93dde05d9@example.com","2026-05-22T17:09:08.484133Z","2026-05-22T17:09:08.752052Z","2026-05-22T17:09:08.493421Z","email","guest","Demo Camper","rv_5ff33624d4ad4ce6b5"
"fb03934f-fa2b-47a6-bb01-f590573c6419","quickcheckin-680a6c4deed6@example.com","2026-05-22T17:09:06.439134Z","2026-05-22T17:09:06.718026Z","2026-05-22T17:09:06.442525Z","email","guest","Demo Camper","rv_fb03934ffa2b47a6bb"
"0c9dc1bf-7977-4b1b-9aa0-b21c06ccfb80","quickcheckin-52be6f1d9c22@example.com","2026-05-22T17:09:01.845681Z","2026-05-22T17:09:02.172558Z","2026-05-22T17:09:01.867197Z","email","guest","Demo Camper","rv_0c9dc1bf79774b1b9a"
"bb43c709-3865-41a6-9ccc-24d152969f5f","quickcheckin-0198c5eeea56@example.com","2026-05-22T17:07:29.74672Z","2026-05-22T17:07:30.034486Z","2026-05-22T17:07:29.749503Z","email","guest","Demo Camper","rv_bb43c709386541a69c"
"7e603d33-25a4-4b09-a96d-61ac20f60439","quickcheckin-6c793cc471c1@example.com","2026-05-22T17:07:11.137308Z","2026-05-22T17:07:11.429194Z","2026-05-22T17:07:11.164784Z","email","guest","Demo Camper","rv_7e603d3325a44b09a9"
"7980c7b3-d2e5-4ff0-be4a-3002583c0911","quickcheckin-fb30a76fb7b7@example.com","2026-05-22T17:06:46.833698Z","2026-05-22T17:06:47.140391Z","2026-05-22T17:06:46.847136Z","email","guest","Demo Camper","rv_7980c7b3d2e54ff0be"
"0bc521ff-5382-4f40-aa82-8b0cd37148ec","quickcheckin-fb760ed61366@example.com","2026-05-22T17:06:29.318619Z","2026-05-22T17:06:29.585854Z","2026-05-22T17:06:29.321911Z","email","guest","Demo Camper","rv_0bc521ff53824f40aa"
"4207636b-6086-4b7a-989c-708096e597ac","quickcheckin-c5f4f9439f59@example.com","2026-05-22T17:06:28.980511Z","2026-05-22T17:06:29.248648Z","2026-05-22T17:06:28.983491Z","email","guest","Demo Camper","rv_4207636b60864b7a98"
"cea511ee-f5fd-441a-8dcf-15b6f668e02f","quickcheckin-965d75c83c29@example.com","2026-05-22T17:06:28.288176Z","2026-05-22T17:06:28.648076Z","2026-05-22T17:06:28.33603Z","email","guest","Demo Camper","rv_cea511eef5fd441a8d"
"51a85987-0d48-4b02-84e5-4d86c56c875a","quickcheckin-9ca32423ebb9@example.com","2026-05-22T17:06:01.931563Z","2026-05-22T17:06:02.26975Z","2026-05-22T17:06:01.935628Z","email","guest","Demo Camper","rv_51a859870d484b0284"
"802ee718-f765-477c-8b11-3fb9bed3135f","quickcheckin-a7ede8679235@example.com","2026-05-22T17:05:49.061705Z","2026-05-22T17:05:49.374832Z","2026-05-22T17:05:49.06488Z","email","guest","Demo Camper","rv_802ee718f765477c8b"
"e7a868e9-9c4d-4484-a278-5b0a46d4f8e6","quickcheckin-6418a00f72ce@example.com","2026-05-22T17:05:42.27826Z","2026-05-22T17:05:42.50896Z","2026-05-22T17:05:42.281122Z","email","guest","Demo Camper","rv_e7a868e99c4d4484a2"
"32b1bfed-289e-42f2-8ea9-46b2f4d82ba7","quickcheckin-5cedee37e243@example.com","2026-05-22T17:05:25.495042Z","2026-05-22T17:05:25.755399Z","2026-05-22T17:05:25.49828Z","email","guest","Demo Camper","rv_32b1bfed289e42f28e"
"c4c2e550-7ddf-40a6-aaa1-97e03555ba80","quickcheckin-0ad6115687dd@example.com","2026-05-22T17:05:17.117334Z","2026-05-22T17:05:17.37351Z","2026-05-22T17:05:17.122269Z","email","guest","Demo Camper","rv_c4c2e5507ddf40a6aa"
"fa20d274-e302-49b0-84a6-72dda6495eed","quickcheckin-74a816607957@example.com","2026-05-22T17:05:13.950201Z","2026-05-22T17:05:14.248105Z","2026-05-22T17:05:13.976551Z","email","guest","Demo Camper","rv_fa20d274e30249b084"
"5a9b8fbe-87a7-4808-91a8-f414f6f6e306","quickcheckin-34e4dfd46bce@example.com","2026-05-22T17:04:38.574133Z","2026-05-22T17:04:38.848976Z","2026-05-22T17:04:38.599618Z","email","guest","Demo Camper","rv_5a9b8fbe87a7480891"
"9cf4458f-dc75-4a01-9c4b-d78a75163768","quickcheckin-60a69bc042f4@example.com","2026-05-22T17:04:13.047032Z","2026-05-22T17:04:13.399378Z","2026-05-22T17:04:13.050989Z","email","guest","Demo Camper","rv_9cf4458fdc754a019c"
"fb68edea-53ed-424b-a123-9be19a5a9b49","quickcheckin-081af8756481@example.com","2026-05-22T17:04:11.564433Z","2026-05-22T17:04:11.780437Z","2026-05-22T17:04:11.568033Z","email","guest","Demo Camper","rv_fb68edea53ed424ba1"
"924f4359-4599-4ac6-8850-120f1b90e3d1","quickcheckin-3e68fce6f315@example.com","2026-05-22T17:04:11.301408Z","2026-05-22T17:04:11.649611Z","2026-05-22T17:04:11.305584Z","email","guest","Demo Camper","rv_924f435945994ac688"
"bd88bee5-fb44-4027-9424-f8f69e918249","quickcheckin-50f21afc7fb3@example.com","2026-05-22T17:03:27.835381Z","2026-05-22T17:03:28.169586Z","2026-05-22T17:03:27.843143Z","email","guest","Demo Camper","rv_bd88bee5fb44402794"
"b5b75d8f-cdef-44f1-a9c6-67a55c1e6cab","quickcheckin-266d15c98779@example.com","2026-05-22T17:03:08.930217Z","2026-05-22T17:03:09.23381Z","2026-05-22T17:03:08.938302Z","email","guest","Demo Camper","rv_b5b75d8fcdef44f1a9"
"b37ab8c1-6469-4669-82b9-5f501a584094","quickcheckin-0649e0893d4f@example.com","2026-05-22T17:03:08.919735Z","2026-05-22T17:03:09.226817Z","2026-05-22T17:03:08.948854Z","email","guest","Demo Camper","rv_b37ab8c16469466982"
"1eb7cd34-a603-4d5d-8bf3-f39e010de652","quickcheckin-10042445ea12@example.com","2026-05-22T17:03:05.094943Z","2026-05-22T17:03:05.573736Z","2026-05-22T17:03:05.204225Z","email","guest","Demo Camper","rv_1eb7cd34a6034d5d8b"
"bf68bd18-69fa-43b3-ac69-a1b6ebcc90d8","quickcheckin-18fbf51e5f42@example.com","2026-05-22T17:02:38.16472Z","2026-05-22T17:02:38.645116Z","2026-05-22T17:02:38.261641Z","email","guest","Demo Camper","rv_bf68bd1869fa43b3ac"
"8f4c8040-f1e9-4eeb-b3d4-eca7201e3c16","quickcheckin-52a70bcf8bc5@example.com","2026-05-22T17:02:18.406229Z","2026-05-22T17:02:18.659262Z","2026-05-22T17:02:18.410606Z","email","guest","Demo Camper","rv_8f4c8040f1e94eebb3"
"0447634f-26ca-45f4-b302-5d732f29e872","quickcheckin-641c81651757@example.com","2026-05-22T17:02:09.439355Z","2026-05-22T17:02:09.670122Z","2026-05-22T17:02:09.442279Z","email","guest","Demo Camper","rv_0447634f26ca45f4b3"
"02cc2da9-0e36-4790-bdd8-a9040619b23e","quickcheckin-5ef02ce2d7d9@example.com","2026-05-22T17:02:08.04125Z","2026-05-22T17:02:08.275103Z","2026-05-22T17:02:08.044322Z","email","guest","Demo Camper","rv_02cc2da90e364790bd"
"8c66eff8-3795-4607-858c-4c365ad1f2a6","quickcheckin-04ae2140fc82@example.com","2026-05-22T17:01:59.503754Z","2026-05-22T17:01:59.809715Z","2026-05-22T17:01:59.539786Z","email","guest","Demo Camper","rv_8c66eff83795460785"
"e6cc2859-c995-4de7-a8f9-8473b9ee1e81","quickcheckin-d5fb7a73990b@example.com","2026-05-22T17:01:32.247864Z","2026-05-22T17:01:32.488345Z","2026-05-22T17:01:32.25329Z","email","guest","Demo Camper","rv_e6cc2859c9954de7a8"
"9eb0e575-d72b-4eae-853a-6516513b39b1","quickcheckin-f1360920b25d@example.com","2026-05-22T17:01:18.682325Z","2026-05-22T17:01:18.89897Z","2026-05-22T17:01:18.684919Z","email","guest","Demo Camper","rv_9eb0e575d72b4eae85"
"59503345-8749-48a6-8325-5933a04c637d","quickcheckin-c22e5f3995c5@example.com","2026-05-22T17:01:16.830965Z","2026-05-22T17:01:17.086258Z","2026-05-22T17:01:16.840414Z","email","guest","Demo Camper","rv_59503345874948a683"
"747b2c4d-c57b-4146-b648-21f7bd2aab39","quickcheckin-73fdf182adb5@example.com","2026-05-22T17:00:54.108185Z","2026-05-22T17:00:54.421896Z","2026-05-22T17:00:54.146014Z","email","guest","Demo Camper","rv_747b2c4dc57b4146b6"
"1195ee25-b6a0-491b-a49d-5589f5881940","quickcheckin-e00671f4cba6@example.com","2026-05-22T17:00:45.289833Z","2026-05-22T17:00:45.51243Z","2026-05-22T17:00:45.29245Z","email","guest","Demo Camper","rv_1195ee25b6a0491ba4"
"d86343b6-ce0b-4217-880c-2db5c95558fe","quickcheckin-b925467e8280@example.com","2026-05-22T17:00:44.356821Z","2026-05-22T17:00:44.592157Z","2026-05-22T17:00:44.360199Z","email","guest","Demo Camper","rv_d86343b6ce0b421788"
"a1c94f3a-dee1-4ee4-8557-e04d262ad78b","quickcheckin-cbc69ea5e514@example.com","2026-05-22T17:00:42.472895Z","2026-05-22T17:00:42.710738Z","2026-05-22T17:00:42.476454Z","email","guest","Demo Camper","rv_a1c94f3adee14ee485"
"46aef0ad-08bc-4924-a885-4355af3b77a9","quickcheckin-cca2be777894@example.com","2026-05-22T17:00:31.981267Z","2026-05-22T17:00:32.222866Z","2026-05-22T17:00:31.9841Z","email","guest","Demo Camper","rv_46aef0ad08bc4924a8"
"11bfafad-8493-4f3a-ab46-d56c60b4011f","quickcheckin-c421893d966f@example.com","2026-05-22T17:00:29.444207Z","2026-05-22T17:00:29.74757Z","2026-05-22T17:00:29.492434Z","email","guest","Demo Camper","rv_11bfafad84934f3aab"
"ff3994f3-b7e9-4c9c-b90d-761d113bf457","quickcheckin-233a006d4378@example.com","2026-05-22T17:00:20.376992Z","2026-05-22T17:00:20.584581Z","2026-05-22T17:00:20.380534Z","email","guest","Demo Camper","rv_ff3994f3b7e94c9cb9"
"718c549a-9b1f-4d42-8077-2bf4bd387679","quickcheckin-299f93b1015f@example.com","2026-05-22T17:00:19.943577Z","2026-05-22T17:00:20.160955Z","2026-05-22T17:00:19.948455Z","email","guest","Demo Camper","rv_718c549a9b1f4d4280"
"94cea3ce-af7d-47fc-b156-421fefe2847a","quickcheckin-103651ecaa56@example.com","2026-05-22T17:00:03.227101Z","2026-05-22T17:00:03.552989Z","2026-05-22T17:00:03.234226Z","email","guest","Demo Camper","rv_94cea3ceaf7d47fcb1"
"ec0c6e9b-321b-45b3-90d7-3fe9c3862bcc","quickcheckin-726ea23be523@example.com","2026-05-22T16:59:58.472824Z","2026-05-22T16:59:58.736323Z","2026-05-22T16:59:58.485617Z","email","guest","Demo Camper","rv_ec0c6e9b321b45b390"
"f109a482-6292-4fa1-9a0c-1105de864dbf","quickcheckin-506feb9ac939@example.com","2026-05-22T16:59:47.823753Z","2026-05-22T16:59:48.060892Z","2026-05-22T16:59:47.826872Z","email","guest","Demo Camper","rv_f109a48262924fa19a"
"57d4646c-63c7-45b5-9703-59165c9b283e","quickcheckin-b2dce31260f8@example.com","2026-05-22T16:59:39.744164Z","2026-05-22T16:59:39.962733Z","2026-05-22T16:59:39.75059Z","email","guest","Demo Camper","rv_57d4646c63c745b597"
"0803772a-1f7f-4b2c-93ea-92f5b9d72e26","quickcheckin-5c4b15e8aa42@example.com","2026-05-22T16:59:33.275778Z","2026-05-22T16:59:33.511903Z","2026-05-22T16:59:33.281802Z","email","guest","Demo Camper","rv_0803772a1f7f4b2c93"
"3dbb4b4b-9342-4d12-9e19-d9107ccf8a46","quickcheckin-2e4f42374c49@example.com","2026-05-22T16:59:22.219572Z","2026-05-22T16:59:22.48328Z","2026-05-22T16:59:22.224334Z","email","guest","Demo Camper","rv_3dbb4b4b93424d129e"
"f18ccacd-981b-4fda-be3e-2b32d855b8f7","quickcheckin-5cee7632018e@example.com","2026-05-22T16:59:22.192932Z","2026-05-22T16:59:22.445278Z","2026-05-22T16:59:22.207424Z","email","guest","Demo Camper","rv_f18ccacd981b4fdabe"
"c45cf53a-d828-4880-9423-3c99e6733e0e","quickcheckin-932533fae48e@example.com","2026-05-22T16:59:14.445515Z","2026-05-22T16:59:14.768587Z","2026-05-22T16:59:14.448983Z","email","guest","Demo Camper","rv_c45cf53ad828488094"
"944bdccb-a016-4a18-a99b-44313a591ac0","quickcheckin-9d866e4105ee@example.com","2026-05-22T16:59:13.975634Z","2026-05-22T16:59:14.238802Z","2026-05-22T16:59:13.994327Z","email","guest","Demo Camper","rv_944bdccba0164a18a9"
"5336fbde-e723-4e4f-a72e-acba419a0a86","quickcheckin-df23c0a43f84@example.com","2026-05-22T16:59:05.688056Z","2026-05-22T16:59:05.999801Z","2026-05-22T16:59:05.711606Z","email","guest","Demo Camper","rv_5336fbdee7234e4fa7"
"a775ed14-c9b8-42df-b6c8-50ffaa30714d","quickcheckin-369ac997d810@example.com","2026-05-22T16:58:45.859177Z","2026-05-22T16:58:46.094722Z","2026-05-22T16:58:45.867492Z","email","guest","Demo Camper","rv_a775ed14c9b842dfb6"
"2d1cc91f-3439-48df-b689-192787a5702b","quickcheckin-ea105051d196@example.com","2026-05-22T16:58:45.015559Z","2026-05-22T16:58:45.28514Z","2026-05-22T16:58:45.026194Z","email","guest","Demo Camper","rv_2d1cc91f343948dfb6"
"c61a9d50-1867-477a-8014-9ca4f69b6cb5","quickcheckin-1964e968ca26@example.com","2026-05-22T16:58:44.53182Z","2026-05-22T16:58:44.79047Z","2026-05-22T16:58:44.561948Z","email","guest","Demo Camper","rv_c61a9d501867477a80"
"564a12e3-46d0-4265-b455-8cf4c833ec47","quickcheckin-40f622391493@example.com","2026-05-22T16:58:12.389091Z","2026-05-22T16:58:12.640847Z","2026-05-22T16:58:12.395339Z","email","guest","Demo Camper","rv_564a12e346d04265b4"
"587043b8-bcb1-4935-9fe1-6b795de2f818","quickcheckin-85f588ae849c@example.com","2026-05-22T16:58:12.318199Z","2026-05-22T16:58:12.632187Z","2026-05-22T16:58:12.32749Z","email","guest","Demo Camper","rv_587043b8bcb149359f"
"abc3333e-0b9f-4c22-9655-000b779b4ca7","quickcheckin-7905cad7789a@example.com","2026-05-22T16:58:11.493722Z","2026-05-22T16:58:11.990261Z","2026-05-22T16:58:11.55207Z","email","guest","Demo Camper","rv_abc3333e0b9f4c2296"
"e6c930e1-91da-4f35-b16d-5cc91bb35d50","quickcheckin-0a9d6116b4a5@example.com","2026-05-22T13:27:59.434498Z","2026-05-22T13:27:59.76662Z","2026-05-22T13:27:59.459736Z","email","guest","Demo Camper","rv_e6c930e191da4f35b1"
"495c6b44-db9a-47b9-9319-43bf0935c335","quickcheckin-ad3fa8b024c1@example.com","2026-05-22T13:27:44.733414Z","2026-05-22T13:27:45.013269Z","2026-05-22T13:27:44.738235Z","email","guest","Demo Camper","rv_495c6b44db9a47b993"
"314d848e-7a41-442c-9478-70f8f07275f0","quickcheckin-5f20962e38e8@example.com","2026-05-22T13:27:19.224406Z","2026-05-22T13:27:19.492196Z","2026-05-22T13:27:19.231818Z","email","guest","Demo Camper","rv_314d848e7a41442c94"
"66027caa-dc8a-4dea-a4d7-1c4c23b9d555","quickcheckin-22dd97362e27@example.com","2026-05-22T13:27:04.397645Z","2026-05-22T13:27:04.648906Z","2026-05-22T13:27:04.406562Z","email","guest","Demo Camper","rv_66027caadc8a4deaa4"
"4fde974b-d1fe-4159-b477-0b5ab7103531","quickcheckin-33e7dc88dd80@example.com","2026-05-22T13:26:40.596308Z","2026-05-22T13:26:40.866027Z","2026-05-22T13:26:40.602466Z","email","guest","Demo Camper","rv_4fde974bd1fe4159b4"
"f8adca82-6529-42a6-987d-8505b01d5b61","quickcheckin-0e4706c363d9@example.com","2026-05-22T13:26:31.542187Z","2026-05-22T13:26:31.766482Z","2026-05-22T13:26:31.548835Z","email","guest","Demo Camper","rv_f8adca82652942a698"
"e87f542b-5934-4af5-9cf3-d447dbaa7c43","quickcheckin-64409d880cd0@example.com","2026-05-22T13:26:19.791821Z","2026-05-22T13:26:20.062136Z","2026-05-22T13:26:19.80921Z","email","guest","Demo Camper","rv_e87f542b59344af59c"
"b186aeaf-5484-48ee-9e38-fb6f8d775534","quickcheckin-f9de2bafc75d@example.com","2026-05-22T13:26:15.364616Z","2026-05-22T13:26:15.844378Z","2026-05-22T13:26:15.444359Z","email","guest","Demo Camper","rv_b186aeaf548448ee9e"
"18ecd32d-195d-4ee3-8ec2-49072446e1b4","quickcheckin-8a935e6f1978@example.com","2026-05-22T13:09:52.984832Z","2026-05-22T13:09:53.335508Z","2026-05-22T13:09:53.003381Z","email","guest","Demo Camper","rv_18ecd32d195d4ee38e"
"c046eca0-750b-4c27-9915-2c18e39d5b96","quickcheckin-922dbe541301@example.com","2026-05-22T13:09:33.763037Z","2026-05-22T13:09:34.099901Z","2026-05-22T13:09:33.822242Z","email","guest","Demo Camper","rv_c046eca0750b4c2799"
"ce7f6359-308a-46bb-a9e3-d09b55cbe441","quickcheckin-ab699d2c2190@example.com","2026-05-22T13:09:19.568351Z","2026-05-22T13:09:19.789293Z","2026-05-22T13:09:19.572882Z","email","guest","Demo Camper","rv_ce7f6359308a46bba9"
"5baf1d70-56e7-4780-aaea-c9543328ff9f","quickcheckin-b6e826e48fdc@example.com","2026-05-22T13:09:19.279604Z","2026-05-22T13:09:19.540095Z","2026-05-22T13:09:19.284251Z","email","guest","Demo Camper","rv_5baf1d7056e74780aa"
"7069fa41-8a6d-4a3a-8083-89440f84ef1e","quickcheckin-8cceba70f8f9@example.com","2026-05-22T13:09:02.450117Z","2026-05-22T13:09:02.765201Z","2026-05-22T13:09:02.495831Z","email","guest","Demo Camper","rv_7069fa418a6d4a3a80"
"7e625cfb-a2a6-46ec-9524-071ceb4af135","quickcheckin-1877134ba2a0@example.com","2026-05-22T13:08:42.688069Z","2026-05-22T13:08:42.918011Z","2026-05-22T13:08:42.696855Z","email","guest","Demo Camper","rv_7e625cfba2a646ec95"
"e6a2fc2f-85ae-4081-9fd1-1dc22e684db2","quickcheckin-dbfbc90e6997@example.com","2026-05-22T13:08:34.763612Z","2026-05-22T13:08:34.997073Z","2026-05-22T13:08:34.766249Z","email","guest","Demo Camper","rv_e6a2fc2f85ae40819f"
"574b307c-f54e-4d3c-afbb-49485f3c29fb","quickcheckin-cf0230db4d3e@example.com","2026-05-22T13:08:21.975479Z","2026-05-22T13:08:22.232284Z","2026-05-22T13:08:21.980095Z","email","guest","Demo Camper","rv_574b307cf54e4d3caf"
"0cd8348e-8da4-4b17-a020-3b8e05c91442","quickcheckin-47165b2b6940@example.com","2026-05-22T13:08:10.976759Z","2026-05-22T13:08:11.277154Z","2026-05-22T13:08:10.980201Z","email","guest","Demo Camper","rv_0cd8348e8da44b17a0"
"6b7797f1-9531-410f-aa83-602fee92f6e7","quickcheckin-32029318909c@example.com","2026-05-22T13:08:02.657925Z","2026-05-22T13:08:02.911845Z","2026-05-22T13:08:02.663213Z","email","guest","Demo Camper","rv_6b7797f19531410faa"
"1ba00345-0529-473c-bcbc-ae4c01ab1afb","quickcheckin-51ace1d092e8@example.com","2026-05-22T13:07:56.524492Z","2026-05-22T13:07:56.841848Z","2026-05-22T13:07:56.544785Z","email","guest","Demo Camper","rv_1ba003450529473cbc"
"e02709ac-24f8-4059-93b1-673addfc3bf7","quickcheckin-27bd43c2ce8f@example.com","2026-05-22T13:07:43.95501Z","2026-05-22T13:07:44.18695Z","2026-05-22T13:07:43.958671Z","email","guest","Demo Camper","rv_e02709ac24f8405993"
"87e17c76-1336-4312-ba2e-302011929502","quickcheckin-844c35327d43@example.com","2026-05-22T13:07:30.024199Z","2026-05-22T13:07:30.245531Z","2026-05-22T13:07:30.028648Z","email","guest","Demo Camper","rv_87e17c7613364312ba"
"cf8e007c-be97-4d6d-a931-d8270bd1ca01","quickcheckin-de0e143b55d0@example.com","2026-05-22T13:07:26.895434Z","2026-05-22T13:07:27.128927Z","2026-05-22T13:07:26.898535Z","email","guest","Demo Camper","rv_cf8e007cbe974d6da9"
"7fdbb4a5-b78e-41ff-b0d6-ab7c80f79be6","quickcheckin-7ee1f7fc8c3a@example.com","2026-05-22T13:07:14.847848Z","2026-05-22T13:07:15.103692Z","2026-05-22T13:07:14.853383Z","email","guest","Demo Camper","rv_7fdbb4a5b78e41ffb0"
"649be0e1-3df4-4beb-ace3-b37ec6655bde","quickcheckin-ebe658315dda@example.com","2026-05-22T13:07:06.440833Z","2026-05-22T13:07:06.654984Z","2026-05-22T13:07:06.444794Z","email","guest","Demo Camper","rv_649be0e13df44bebac"
"13521466-2782-41fa-aea3-32b4ebd0f13e","quickcheckin-c0a78e223dba@example.com","2026-05-22T13:07:04.9903Z","2026-05-22T13:07:05.282021Z","2026-05-22T13:07:05.013768Z","email","guest","Demo Camper","rv_13521466278241faae"
"4f7cb993-6e0a-4d3e-a027-dac04f5b632d","quickcheckin-586461c0ee5b@example.com","2026-05-22T13:06:38.473456Z","2026-05-22T13:06:38.744803Z","2026-05-22T13:06:38.484811Z","email","guest","Demo Camper","rv_4f7cb9936e0a4d3ea0"
"db4a3aa3-758b-4482-a9e4-98850dbafa6f","quickcheckin-0eddbdfd24c8@example.com","2026-05-22T13:06:16.028449Z","2026-05-22T13:06:16.319298Z","2026-05-22T13:06:16.039582Z","email","guest","Demo Camper","rv_db4a3aa3758b4482a9"
"ed21c28e-d9e7-4848-918c-061885b4f5e8","quickcheckin-8716daa7e00f@example.com","2026-05-22T13:06:15.674138Z","2026-05-22T13:06:16.150513Z","2026-05-22T13:06:15.678768Z","email","guest","Demo Camper","rv_ed21c28ed9e7484891"
"7f340cf9-6c3b-4960-b138-0892b3eac5b1","quickcheckin-18e536d8ad31@example.com","2026-05-22T13:06:14.256534Z","2026-05-22T13:06:14.656938Z","2026-05-22T13:06:14.335307Z","email","guest","Demo Camper","rv_7f340cf96c3b4960b1"
"74726f70-a2b4-4ef2-a415-d4cd02dacf07","quickcheckin-c751bbdc6207@example.com","2026-05-22T13:05:56.832979Z","2026-05-22T13:05:57.136591Z","2026-05-22T13:05:56.844932Z","email","guest","Demo Camper","rv_74726f70a2b44ef2a4"
"e3572907-1991-46fc-86e7-1db028bde376","quickcheckin-9fe2a94c8333@example.com","2026-05-22T13:05:36.158718Z","2026-05-22T13:05:36.396915Z","2026-05-22T13:05:36.163977Z","email","guest","Demo Camper","rv_e3572907199146fc86"
"237917c6-479b-4bcd-abbd-a9dfcc4f6112","quickcheckin-c38e4a43c880@example.com","2026-05-22T13:05:22.019931Z","2026-05-22T13:05:22.272761Z","2026-05-22T13:05:22.029536Z","email","guest","Demo Camper","rv_237917c6479b4bcdab"
"81ef1ed4-eb18-4513-9945-3876643e4d13","quickcheckin-d9d1deda6994@example.com","2026-05-22T13:05:21.966892Z","2026-05-22T13:05:22.255915Z","2026-05-22T13:05:21.975966Z","email","guest","Demo Camper","rv_81ef1ed4eb18451399"
"e2008748-3a9b-471d-a482-49887ecd32d6","quickcheckin-191c12cb591e@example.com","2026-05-22T13:05:17.89297Z","2026-05-22T13:05:18.397953Z","2026-05-22T13:05:18.002952Z","email","guest","Demo Camper","rv_e20087483a9b471da4"
"7c63d3a6-32bf-4a7c-b2aa-299ea252aa8b","quickcheckin-dbf00a509177@example.com","2026-05-22T13:04:51.036071Z","2026-05-22T13:04:51.445052Z","2026-05-22T13:04:51.151129Z","email","guest","Demo Camper","rv_7c63d3a632bf4a7cb2"
"e4e7a074-f4ff-4e51-838e-7672125e9548","quickcheckin-e5c42ae6b380@example.com","2026-05-22T13:04:40.09029Z","2026-05-22T13:04:40.364682Z","2026-05-22T13:04:40.151362Z","email","guest","Demo Camper","rv_e4e7a074f4ff4e5183"
"1811d6a5-99d4-429e-aba0-41a66c5f71b8","quickcheckin-9c97e27b6dfa@example.com","2026-05-22T13:04:37.025734Z","2026-05-22T13:04:37.264545Z","2026-05-22T13:04:37.02971Z","email","guest","Demo Camper","rv_1811d6a599d4429eab"
"abccb852-3330-4ad5-85d7-a6d14e34078a","quickcheckin-4bd6301cfd6e@example.com","2026-05-22T13:04:15.471467Z","2026-05-22T13:04:15.722648Z","2026-05-22T13:04:15.474245Z","email","guest","Demo Camper","rv_abccb85233304ad585"
"987f5b73-4787-4d04-835e-095e56479609","quickcheckin-847b566c7a8c@example.com","2026-05-22T13:04:09.711883Z","2026-05-22T13:04:09.96284Z","2026-05-22T13:04:09.717247Z","email","guest","Demo Camper","rv_987f5b7347874d0483"
"1067aeba-a15c-4e9f-a8e7-1f6508e6feb8","quickcheckin-8fd3473db16e@example.com","2026-05-22T13:04:00.752715Z","2026-05-22T13:04:00.98323Z","2026-05-22T13:04:00.7557Z","email","guest","Demo Camper","rv_1067aebaa15c4e9fa8"
"13f721fa-a616-496b-a243-91ab7756414b","quickcheckin-2faafbea2a90@example.com","2026-05-22T13:04:00.455106Z","2026-05-22T13:04:00.720887Z","2026-05-22T13:04:00.459699Z","email","guest","Demo Camper","rv_13f721faa616496ba2"
"c164af94-22ce-43f8-bdcc-109ac562d961","quickcheckin-c8e8a1af8be2@example.com","2026-05-22T13:03:57.870915Z","2026-05-22T13:03:58.103116Z","2026-05-22T13:03:57.88326Z","email","guest","Demo Camper","rv_c164af9422ce43f8bd"
"af7cb06f-36ca-4f66-88bf-5b091069be11","quickcheckin-787c0cb41b70@example.com","2026-05-22T13:03:50.610946Z","2026-05-22T13:03:50.817714Z","2026-05-22T13:03:50.61493Z","email","guest","Demo Camper","rv_af7cb06f36ca4f6688"
"3f1e2c40-3b36-4af5-be7e-032221be9977","quickcheckin-e6e19de16737@example.com","2026-05-22T13:03:48.248081Z","2026-05-22T13:03:48.653901Z","2026-05-22T13:03:48.280493Z","email","guest","Demo Camper","rv_3f1e2c403b364af5be"
"d15d174f-573f-4b12-bb6d-0ff0e47fe279","quickcheckin-cba2e07148c0@example.com","2026-05-22T13:03:40.649861Z","2026-05-22T13:03:40.905566Z","2026-05-22T13:03:40.653368Z","email","guest","Demo Camper","rv_d15d174f573f4b12bb"
"d8ce8f9d-cd09-4399-8c35-fed8f4358474","quickcheckin-3e46e70b96bb@example.com","2026-05-22T13:03:36.3705Z","2026-05-22T13:03:36.605331Z","2026-05-22T13:03:36.377092Z","email","guest","Demo Camper","rv_d8ce8f9dcd0943998c"
"f5fee700-2fee-4056-86fc-4c9cba0786a9","quickcheckin-85b64609db25@example.com","2026-05-22T13:03:17.03061Z","2026-05-22T13:03:17.2783Z","2026-05-22T13:03:17.040391Z","email","guest","Demo Camper","rv_f5fee7002fee405686"
"746d5a9e-9a93-48f6-a69b-c8644c9bbcbf","quickcheckin-5bea21ce3adf@example.com","2026-05-22T13:03:16.920138Z","2026-05-22T13:03:17.209266Z","2026-05-22T13:03:16.965491Z","email","guest","Demo Camper","rv_746d5a9e9a9348f6a6"
"7bbe490a-3041-425c-9ad7-014616259f94","quickcheckin-92fc8859f66f@example.com","2026-05-22T13:03:08.503513Z","2026-05-22T13:03:08.759839Z","2026-05-22T13:03:08.509817Z","email","guest","Demo Camper","rv_7bbe490a3041425c9a"
"da9fff41-562a-4651-8c3a-a5b193409e24","quickcheckin-63f5eb90bd29@example.com","2026-05-22T13:03:03.075067Z","2026-05-22T13:03:03.310247Z","2026-05-22T13:03:03.080312Z","email","guest","Demo Camper","rv_da9fff41562a46518c"
"b0c82d73-e6a0-4294-a633-8aac2a120d15","quickcheckin-c474047c66f7@example.com","2026-05-22T13:03:00.671381Z","2026-05-22T13:03:00.905529Z","2026-05-22T13:03:00.679813Z","email","guest","Demo Camper","rv_b0c82d73e6a04294a6"
"3ed816ef-5177-44a6-99b6-5ba16c3c35a2","quickcheckin-fe942e9aa6c3@example.com","2026-05-22T13:02:55.355729Z","2026-05-22T13:02:55.625251Z","2026-05-22T13:02:55.383876Z","email","guest","Demo Camper","rv_3ed816ef517744a699"
"c5153772-85dc-4584-8cde-2dbaca9e70dc","quickcheckin-9960d1355b02@example.com","2026-05-22T13:02:51.84382Z","2026-05-22T13:02:52.0592Z","2026-05-22T13:02:51.861505Z","email","guest","Demo Camper","rv_c515377285dc45848c"
"2aac3c31-76e0-4e7b-90c5-61d3100ffada","quickcheckin-513312012c29@example.com","2026-05-22T13:02:45.068096Z","2026-05-22T13:02:45.33751Z","2026-05-22T13:02:45.079929Z","email","guest","Demo Camper","rv_2aac3c3176e04e7b90"
"5d6d1071-cde3-4bd8-bbd4-da69a3197b1e","quickcheckin-1b569cda186e@example.com","2026-05-22T13:02:30.874763Z","2026-05-22T13:02:31.129404Z","2026-05-22T13:02:30.884526Z","email","guest","Demo Camper","rv_5d6d1071cde34bd8bb"
"c9c76593-2413-410d-815a-61988ffa452b","quickcheckin-cd566d3b0fbb@example.com","2026-05-22T13:02:30.468467Z","2026-05-22T13:02:30.702244Z","2026-05-22T13:02:30.498316Z","email","guest","Demo Camper","rv_c9c765932413410d81"
"9b1d3f51-7722-4b3d-8bf5-ceb4168b0e3a","quickcheckin-14a846d45a81@example.com","2026-05-22T13:02:13.25268Z","2026-05-22T13:02:13.478131Z","2026-05-22T13:02:13.259498Z","email","guest","Demo Camper","rv_9b1d3f5177224b3d8b"
"8207e445-2827-4a63-9853-28e08dc77517","quickcheckin-8fcf72e118cf@example.com","2026-05-22T13:02:12.382235Z","2026-05-22T13:02:12.604595Z","2026-05-22T13:02:12.385727Z","email","guest","Demo Camper","rv_8207e44528274a6398"
"838d8eac-5fc6-4ab7-b4af-eb6451bff3c0","quickcheckin-96216481aa9e@example.com","2026-05-22T13:02:11.720499Z","2026-05-22T13:02:12.268337Z","2026-05-22T13:02:11.812303Z","email","guest","Demo Camper","rv_838d8eac5fc64ab7b4"
"7639ef8b-083c-472c-b9ff-f17a42529eca","quickcheckin-fed086a58a4a@example.com","2026-05-22T12:59:13.444793Z","2026-05-22T12:59:13.719855Z","2026-05-22T12:59:13.45026Z","email","guest","Demo Camper","rv_7639ef8b083c472cb9"
"ecf757b8-4e05-43d1-8f01-2644e108f7da","quickcheckin-769cc792a700@example.com","2026-05-22T12:58:57.94928Z","2026-05-22T12:58:58.271375Z","2026-05-22T12:58:58.000291Z","email","guest","Demo Camper","rv_ecf757b84e0543d18f"
"eefce3bb-d979-4259-865c-a4dcf805fa71","quickcheckin-e655722f3fdd@example.com","2026-05-22T12:58:44.326679Z","2026-05-22T12:58:44.644846Z","2026-05-22T12:58:44.334083Z","email","guest","Demo Camper","rv_eefce3bbd979425986"
"df8f6989-b9f6-4fb6-b9d8-957dccbaa81f","quickcheckin-3e1f81ff638c@example.com","2026-05-22T12:58:42.720315Z","2026-05-22T12:58:42.96725Z","2026-05-22T12:58:42.724252Z","email","guest","Demo Camper","rv_df8f6989b9f64fb6b9"
"3382f9c0-b605-4a74-bac3-3a8c310caeb7","quickcheckin-8f1bfe6a0875@example.com","2026-05-22T12:58:24.947382Z","2026-05-22T12:58:25.317606Z","2026-05-22T12:58:25.048988Z","email","guest","Demo Camper","rv_3382f9c0b6054a74ba"
"ad7a88d5-0354-4ca6-a7c9-b2a9e24065ee","quickcheckin-21d529b99694@example.com","2026-05-22T12:58:17.142885Z","2026-05-22T12:58:17.432514Z","2026-05-22T12:58:17.156241Z","email","guest","Demo Camper","rv_ad7a88d503544ca6a7"
"cc664226-c9bb-4c94-807f-344c357995e4","quickcheckin-9a80bb9d278f@example.com","2026-05-22T12:58:10.196921Z","2026-05-22T12:58:10.475851Z","2026-05-22T12:58:10.201828Z","email","guest","Demo Camper","rv_cc664226c9bb4c9480"
"9bfd6a11-75de-4155-9caa-0fd6959e7b60","quickcheckin-cdd7b7f675c8@example.com","2026-05-22T12:58:04.031055Z","2026-05-22T12:58:04.387011Z","2026-05-22T12:58:04.077913Z","email","guest","Demo Camper","rv_9bfd6a1175de41559c"
"cae36faa-2e7d-4062-9915-ee89777fa731","quickcheckin-d27cf32830b8@example.com","2026-05-22T12:57:49.776934Z","2026-05-22T12:57:50.046384Z","2026-05-22T12:57:49.808687Z","email","guest","Demo Camper","rv_cae36faa2e7d406299"
"068cb08f-34b8-4627-95cf-5fc823477afc","quickcheckin-bda9c40caf29@example.com","2026-05-22T12:57:36.964294Z","2026-05-22T12:57:37.22407Z","2026-05-22T12:57:36.973849Z","email","guest","Demo Camper","rv_068cb08f34b8462795"
"402aa434-70d0-433d-a114-d6e71792da71","quickcheckin-a7017c92a3a1@example.com","2026-05-22T12:57:24.493383Z","2026-05-22T12:57:24.700553Z","2026-05-22T12:57:24.49726Z","email","guest","Demo Camper","rv_402aa43470d0433da1"
"95663409-4b3d-4142-a46f-08eb372702c6","quickcheckin-2f433134eab7@example.com","2026-05-22T12:57:18.003588Z","2026-05-22T12:57:18.380049Z","2026-05-22T12:57:18.024935Z","email","guest","Demo Camper","rv_956634094b3d4142a4"
"4ef62364-977a-4576-a45b-0f279ebfe701","quickcheckin-741d19e2d9b6@example.com","2026-05-22T12:57:08.604793Z","2026-05-22T12:57:08.84323Z","2026-05-22T12:57:08.621042Z","email","guest","Demo Camper","rv_4ef62364977a4576a4"
"467ed46b-39b1-47b8-8f19-f7398d6d78ba","quickcheckin-7310190af19e@example.com","2026-05-22T12:56:55.946209Z","2026-05-22T12:56:56.213225Z","2026-05-22T12:56:56.005095Z","email","guest","Demo Camper","rv_467ed46b39b147b88f"
"6c5fbd1a-94f6-43a6-a71d-d89248c2dfc3","quickcheckin-eebd0cc59f1b@example.com","2026-05-22T12:56:32.529163Z","2026-05-22T12:56:32.779128Z","2026-05-22T12:56:32.532814Z","email","guest","Demo Camper","rv_6c5fbd1a94f643a6a7"
"4008bc7b-bff0-49e5-a05a-36f8915122ba","quickcheckin-e0d57a974ed5@example.com","2026-05-22T12:56:20.190577Z","2026-05-22T12:56:20.459668Z","2026-05-22T12:56:20.19434Z","email","guest","Demo Camper","rv_4008bc7bbff049e5a0"
"1d3e975e-a214-45aa-9761-7fa59190ba2e","quickcheckin-030c372f3425@example.com","2026-05-22T12:56:20.066044Z","2026-05-22T12:56:20.30023Z","2026-05-22T12:56:20.072758Z","email","guest","Demo Camper","rv_1d3e975ea21445aa97"
"7f9ad7e5-e4e5-4f59-ac0c-92148e442105","quickcheckin-917c9ed5d3ba@example.com","2026-05-22T12:56:11.247948Z","2026-05-22T12:56:11.454449Z","2026-05-22T12:56:11.257442Z","email","guest","Demo Camper","rv_7f9ad7e5e4e54f59ac"
"5a78938f-c1c1-4c96-a204-a80b90bb030b","quickcheckin-87d04635caa8@example.com","2026-05-22T12:55:56.88495Z","2026-05-22T12:55:57.237267Z","2026-05-22T12:55:56.937254Z","email","guest","Demo Camper","rv_5a78938fc1c14c96a2"
"c541f1d4-978e-4a40-882e-a9d8f6726ac9","quickcheckin-1c8a64ac2718@example.com","2026-05-22T12:55:30.372506Z","2026-05-22T12:55:30.623205Z","2026-05-22T12:55:30.377119Z","email","guest","Demo Camper","rv_c541f1d4978e4a4088"
"89c698f1-462b-411d-a3b1-d321a6460f43","quickcheckin-53f23ffab969@example.com","2026-05-22T12:55:30.156824Z","2026-05-22T12:55:30.4572Z","2026-05-22T12:55:30.19811Z","email","guest","Demo Camper","rv_89c698f1462b411da3"
"8a7f17e2-445b-4f77-8ced-7d8f1bd780eb","quickcheckin-00920cf0290c@example.com","2026-05-22T12:55:10.338002Z","2026-05-22T12:55:10.601571Z","2026-05-22T12:55:10.369932Z","email","guest","Demo Camper","rv_8a7f17e2445b4f778c"
"6cc18e80-91b7-44a6-afa5-72da5d19ed6e","quickcheckin-9d5bd0311bbf@example.com","2026-05-22T12:54:45.098624Z","2026-05-22T12:54:45.331547Z","2026-05-22T12:54:45.102446Z","email","guest","Demo Camper","rv_6cc18e8091b744a6af"
"b1e9f39b-40b4-4cef-ac31-94826ecb417d","quickcheckin-1f5c6f0bf6e5@example.com","2026-05-22T12:54:33.29527Z","2026-05-22T12:54:33.506471Z","2026-05-22T12:54:33.298444Z","email","guest","Demo Camper","rv_b1e9f39b40b44cefac"
"6fbb661a-0b30-4dcd-8970-8f7779340321","quickcheckin-c64bfb254952@example.com","2026-05-22T12:54:18.001462Z","2026-05-22T12:54:18.240139Z","2026-05-22T12:54:18.00986Z","email","guest","Demo Camper","rv_6fbb661a0b304dcd89"
"b7abcfe3-32ca-4fdc-b01b-8a399fc69c34","quickcheckin-2bf461c47ed2@example.com","2026-05-22T12:54:14.523548Z","2026-05-22T12:54:14.75347Z","2026-05-22T12:54:14.526806Z","email","guest","Demo Camper","rv_b7abcfe332ca4fdcb0"
"24e98a33-922f-4945-bbd4-a40197c8ab29","quickcheckin-7d6cac1f251c@example.com","2026-05-22T12:54:10.373718Z","2026-05-22T12:54:10.799798Z","2026-05-22T12:54:10.455472Z","email","guest","Demo Camper","rv_24e98a33922f4945bb"
"6419e866-233f-4c09-a6e9-c3d651c24951","quickcheckin-ecc47ae04eb1@example.com","2026-05-22T12:54:05.719714Z","2026-05-22T12:54:05.980746Z","2026-05-22T12:54:05.727919Z","email","guest","Demo Camper","rv_6419e866233f4c09a6"
"72d4dbd8-68ea-4fdd-8555-fc20eefbf6d4","quickcheckin-bb10329dbcdd@example.com","2026-05-22T12:54:00.786852Z","2026-05-22T12:54:01.155287Z","2026-05-22T12:54:00.798852Z","email","guest","Demo Camper","rv_72d4dbd868ea4fdd85"
"b35a54f6-1750-4383-9fbf-a65bbb930b40","quickcheckin-902a44a8dc16@example.com","2026-05-22T12:53:50.4219Z","2026-05-22T12:53:50.640266Z","2026-05-22T12:53:50.428103Z","email","guest","Demo Camper","rv_b35a54f6175043839f"
"e92fe9d9-f075-4ca7-a219-6fac60f194c5","quickcheckin-e8c55d6475df@example.com","2026-05-22T12:53:48.215094Z","2026-05-22T12:53:48.497147Z","2026-05-22T12:53:48.245054Z","email","guest","Demo Camper","rv_e92fe9d9f0754ca7a2"
"df2b56e6-470a-42f3-878f-afe9322f1116","quickcheckin-d9d6f7d11c9d@example.com","2026-05-22T12:53:33.476862Z","2026-05-22T12:53:33.686234Z","2026-05-22T12:53:33.480189Z","email","guest","Demo Camper","rv_df2b56e6470a42f387"
"81e7f7a0-dfeb-4813-9424-5045070891e2","quickcheckin-7cedf2c9f09b@example.com","2026-05-22T12:53:31.861137Z","2026-05-22T12:53:32.066222Z","2026-05-22T12:53:31.86656Z","email","guest","Demo Camper","rv_81e7f7a0dfeb481394"
"fb6e972f-3d8b-4186-959d-046fbe75878f","quickcheckin-b5e340b429fd@example.com","2026-05-22T12:53:20.460266Z","2026-05-22T12:53:20.666056Z","2026-05-22T12:53:20.464686Z","email","guest","Demo Camper","rv_fb6e972f3d8b418695"
"fcece77c-adca-4f7f-9bf9-3f4fc95ccc50","quickcheckin-22074059f51d@example.com","2026-05-22T12:53:20.442697Z","2026-05-22T12:53:20.652721Z","2026-05-22T12:53:20.452007Z","email","guest","Demo Camper","rv_fcece77cadca4f7f9b"
"e8fb9ffc-8436-4d19-b843-f7f601f2f705","quickcheckin-8ae03ff1ee2e@example.com","2026-05-22T12:53:13.175816Z","2026-05-22T12:53:13.361858Z","2026-05-22T12:53:13.178867Z","email","guest","Demo Camper","rv_e8fb9ffc84364d19b8"
"38dee572-060e-403f-82a2-f5cb4e14f723","quickcheckin-821b7aa98b87@example.com","2026-05-22T12:53:09.43864Z","2026-05-22T12:53:09.656198Z","2026-05-22T12:53:09.456537Z","email","guest","Demo Camper","rv_38dee572060e403f82"
"f091570c-7d0a-421d-a18e-2bbb21c6284e","quickcheckin-eaecd2ad63a0@example.com","2026-05-22T12:52:55.786704Z","2026-05-22T12:52:56.166828Z","2026-05-22T12:52:55.849353Z","email","guest","Demo Camper","rv_f091570c7d0a421da1"
"e9159cdd-91d0-4787-8de3-3f2dafe0be9e","quickcheckin-7c3c94b9aded@example.com","2026-05-22T12:52:46.964026Z","2026-05-22T12:52:47.208425Z","2026-05-22T12:52:46.97322Z","email","guest","Demo Camper","rv_e9159cdd91d047878d"
"a55dffab-1cd2-422d-8680-b429cec8d36f","quickcheckin-ef8a32b16b63@example.com","2026-05-22T12:52:43.301036Z","2026-05-22T12:52:43.520151Z","2026-05-22T12:52:43.307861Z","email","guest","Demo Camper","rv_a55dffab1cd2422d86"
"dfc6193a-0095-43bf-b022-1ec9f782847c","quickcheckin-6fd293108d3f@example.com","2026-05-22T12:52:41.439574Z","2026-05-22T12:52:41.655789Z","2026-05-22T12:52:41.458774Z","email","guest","Demo Camper","rv_dfc6193a009543bfb0"
"8f1e2f94-78db-465a-b154-28db1830ddcd","quickcheckin-d050ec802cdc@example.com","2026-05-22T12:52:20.864348Z","2026-05-22T12:52:21.094947Z","2026-05-22T12:52:20.875289Z","email","guest","Demo Camper","rv_8f1e2f9478db465ab1"
"b85e0426-0b2d-457a-aa14-a5cadf003c2d","quickcheckin-a5491e80d6d5@example.com","2026-05-22T12:52:18.94579Z","2026-05-22T12:52:19.249987Z","2026-05-22T12:52:18.962095Z","email","guest","Demo Camper","rv_b85e04260b2d457aaa"
"3eecba5c-b8dc-42c2-a03f-d6ad4bfde8a8","quickcheckin-9941ff66829d@example.com","2026-05-22T12:52:17.029958Z","2026-05-22T12:52:17.423678Z","2026-05-22T12:52:17.13125Z","email","guest","Demo Camper","rv_3eecba5cb8dc42c2a0"
"a7e37325-505c-4080-9bbc-34d7f6b18856","quickcheckin-7abfd256593e@example.com","2026-05-22T12:50:45.773735Z","2026-05-22T12:50:46.013435Z","2026-05-22T12:50:45.78609Z","email","guest","Demo Camper","rv_a7e37325505c40809b"
"ab8a22b4-e27b-42be-acc0-1661144cbb0b","quickcheckin-400251a4af4c@example.com","2026-05-22T12:50:24.249508Z","2026-05-22T12:50:24.465772Z","2026-05-22T12:50:24.257698Z","email","guest","Demo Camper","rv_ab8a22b4e27b42beac"
"881d152f-4dbb-4cf9-8d89-f2cafbc220d1","quickcheckin-17dc780b222f@example.com","2026-05-22T12:50:14.493103Z","2026-05-22T12:50:14.753816Z","2026-05-22T12:50:14.497665Z","email","guest","Demo Camper","rv_881d152f4dbb4cf98d"
"866ab629-1c30-42c8-a032-813b9fd53a5b","quickcheckin-ca89274559eb@example.com","2026-05-22T12:50:05.654882Z","2026-05-22T12:50:05.933972Z","2026-05-22T12:50:05.683582Z","email","guest","Demo Camper","rv_866ab6291c3042c8a0"
"06bb23ff-40bd-4de4-97e2-97b4a8a74172","quickcheckin-e1985e645485@example.com","2026-05-22T12:49:59.590299Z","2026-05-22T12:49:59.915733Z","2026-05-22T12:49:59.677632Z","email","guest","Demo Camper","rv_06bb23ff40bd4de497"
"625acc11-cf4a-46fe-ad6c-6d18b5d73df5","quickcheckin-a7f9c82bbaae@example.com","2026-05-22T12:49:50.379651Z","2026-05-22T12:49:50.723542Z","2026-05-22T12:49:50.416719Z","email","guest","Demo Camper","rv_625acc11cf4a46fead"
"31a380eb-de7a-4d6b-a621-2e2dbc84bc49","quickcheckin-b954d91a06d2@example.com","2026-05-22T12:49:33.97079Z","2026-05-22T12:49:34.198388Z","2026-05-22T12:49:33.973751Z","email","guest","Demo Camper","rv_31a380ebde7a4d6ba6"
"f81cee77-3909-4132-b652-5a025098c6de","quickcheckin-220b5feac3e3@example.com","2026-05-22T12:49:25.850863Z","2026-05-22T12:49:26.116955Z","2026-05-22T12:49:25.856722Z","email","guest","Demo Camper","rv_f81cee7739094132b6"
"de86bb67-dbdc-4549-b270-5de25cf46189","quickcheckin-7e15ed6fd353@example.com","2026-05-22T12:49:12.530543Z","2026-05-22T12:49:12.829604Z","2026-05-22T12:49:12.609563Z","email","guest","Demo Camper","rv_de86bb67dbdc4549b2"
"6b025c04-1afd-49d8-9945-7d0aa33d3731","quickcheckin-94b8d1582a8b@example.com","2026-05-22T12:49:04.975267Z","2026-05-22T12:49:05.196466Z","2026-05-22T12:49:04.980214Z","email","guest","Demo Camper","rv_6b025c041afd49d899"
"a4a5ce46-538b-4197-bb62-e8f92819289d","quickcheckin-3f5437496ed9@example.com","2026-05-22T12:48:55.013465Z","2026-05-22T12:48:55.271559Z","2026-05-22T12:48:55.029587Z","email","guest","Demo Camper","rv_a4a5ce46538b4197bb"
"da194077-a4db-4cf7-bb09-4b21dd56a959","quickcheckin-10bed5448289@example.com","2026-05-22T12:48:52.732757Z","2026-05-22T12:48:52.988966Z","2026-05-22T12:48:52.737632Z","email","guest","Demo Camper","rv_da194077a4db4cf7bb"
"2b6aa6c5-93db-475c-bda1-7bed6fdfa604","quickcheckin-1392ad452ede@example.com","2026-05-22T12:48:43.779643Z","2026-05-22T12:48:44.017796Z","2026-05-22T12:48:43.784695Z","email","guest","Demo Camper","rv_2b6aa6c593db475cbd"
"f86a109f-4639-42fa-a9bc-bdee465f3796","quickcheckin-62fc9b8ab76a@example.com","2026-05-22T12:48:23.203713Z","2026-05-22T12:48:23.479365Z","2026-05-22T12:48:23.243178Z","email","guest","Demo Camper","rv_f86a109f463942faa9"
"202fe114-95d8-4fbf-a5f4-246eb2af631c","quickcheckin-78745f5121af@example.com","2026-05-22T12:48:18.420808Z","2026-05-22T12:48:18.638749Z","2026-05-22T12:48:18.425028Z","email","guest","Demo Camper","rv_202fe11495d84fbfa5"
"33d510a0-f874-487a-950f-c37b2a1e9a00","quickcheckin-7bc5036e22e9@example.com","2026-05-22T12:48:17.639862Z","2026-05-22T12:48:18.023803Z","2026-05-22T12:48:17.668135Z","email","guest","Demo Camper","rv_33d510a0f874487a95"
"509f9f33-5e3d-40f3-b6d7-213af32456a3","quickcheckin-796825c4dd72@example.com","2026-05-22T12:47:11.776018Z","2026-05-22T12:47:12.068009Z","2026-05-22T12:47:11.791251Z","email","guest","Demo Camper","rv_509f9f335e3d40f3b6"
"25c5ad7e-032f-4101-a5f2-f3597c3a5c07","quickcheckin-0d25a8578929@example.com","2026-05-22T12:47:09.301823Z","2026-05-22T12:47:09.574834Z","2026-05-22T12:47:09.315868Z","email","guest","Demo Camper","rv_25c5ad7e032f4101a5"
"76bb6ba9-a7e2-4257-b497-e19454c83180","quickcheckin-e6cba8026c46@example.com","2026-05-22T12:46:48.016365Z","2026-05-22T12:46:48.249714Z","2026-05-22T12:46:48.024364Z","email","guest","Demo Camper","rv_76bb6ba9a7e24257b4"
"a9790cc6-f2cd-4b5b-bcc4-d9f6a82950e9","quickcheckin-825d16ef5118@example.com","2026-05-22T12:46:46.682876Z","2026-05-22T12:46:46.899074Z","2026-05-22T12:46:46.699727Z","email","guest","Demo Camper","rv_a9790cc6f2cd4b5bbc"
"bd6f39af-ba6c-48d8-a426-02aa8fc14a82","quickcheckin-200c6310963d@example.com","2026-05-22T12:46:35.1348Z","2026-05-22T12:46:35.395961Z","2026-05-22T12:46:35.150088Z","email","guest","Demo Camper","rv_bd6f39afba6c48d8a4"
"ad0bb4fc-047c-4dcc-8dc2-993ad0c10c18","quickcheckin-ef402a63b46a@example.com","2026-05-22T12:46:33.933154Z","2026-05-22T12:46:34.176948Z","2026-05-22T12:46:33.940847Z","email","guest","Demo Camper","rv_ad0bb4fc047c4dcc8d"
"0d129e7e-fcd3-4155-9bbd-3ed10d1d768b","quickcheckin-82406a4f2627@example.com","2026-05-22T12:46:18.2752Z","2026-05-22T12:46:18.530327Z","2026-05-22T12:46:18.283815Z","email","guest","Demo Camper","rv_0d129e7efcd341559b"
"3e4402a1-f691-4a24-83f9-1b4ebc7b3bd8","quickcheckin-fe5d7f5a14c6@example.com","2026-05-22T12:46:06.104195Z","2026-05-22T12:46:06.44082Z","2026-05-22T12:46:06.121766Z","email","guest","Demo Camper","rv_3e4402a1f6914a2483"
"8c32a049-2399-4b0a-8572-1d2c95883b7f","quickcheckin-9edca6e34b4f@example.com","2026-05-22T12:45:46.013309Z","2026-05-22T12:45:46.394187Z","2026-05-22T12:45:46.077034Z","email","guest","Demo Camper","rv_8c32a04923994b0a85"
"9133bf9d-95ef-4197-86ad-0a7ffc6ffec8","quickcheckin-ad326b1f1ce2@example.com","2026-05-22T12:45:34.294993Z","2026-05-22T12:45:34.677267Z","2026-05-22T12:45:34.394814Z","email","guest","Demo Camper","rv_9133bf9d95ef419786"
"36127582-4440-4076-838e-0fec2168e38b","quickcheckin-aebb48d96818@example.com","2026-05-22T12:45:27.029284Z","2026-05-22T12:45:29.778026Z","2026-05-22T12:45:27.326143Z","email","guest","Demo Camper","rv_361275824440407683"
"2414e4f4-15da-4d9b-8174-a6142af611b8","quickcheckin-89a0fccbd2ae@example.com","2026-05-22T12:45:27.004323Z","2026-05-22T12:45:29.82472Z","2026-05-22T12:45:27.305645Z","email","guest","Demo Camper","rv_2414e4f415da4d9b81"
"fd896dd2-b794-4778-96d9-9f2b82528aaf","quickcheckin-2fb5dbe5909b@example.com","2026-05-22T12:44:56.886232Z","2026-05-22T12:44:57.187017Z","2026-05-22T12:44:56.905714Z","email","guest","Demo Camper","rv_fd896dd2b794477896"
"92d20349-9bd8-4d32-96a6-624bbe730ec8","quickcheckin-284a9fb1852e@example.com","2026-05-22T12:44:55.24285Z","2026-05-22T12:44:55.553565Z","2026-05-22T12:44:55.269172Z","email","guest","Demo Camper","rv_92d203499bd84d3296"
"df3ab3ae-4573-4aa3-9208-047b81081b21","quickcheckin-a7a08b8d1af3@example.com","2026-05-22T12:44:29.991591Z","2026-05-22T12:44:30.228198Z","2026-05-22T12:44:30.002541Z","email","guest","Demo Camper","rv_df3ab3ae45734aa392"
"bea1de97-ae18-47d5-8647-118d189de780","quickcheckin-7359884dc438@example.com","2026-05-22T12:44:29.979543Z","2026-05-22T12:44:30.226893Z","2026-05-22T12:44:30.012552Z","email","guest","Demo Camper","rv_bea1de97ae1847d586"
"c7512c2d-707c-43e5-b703-8234c114b98f","quickcheckin-26c0be55aa65@example.com","2026-05-22T12:44:07.465512Z","2026-05-22T12:44:07.827428Z","2026-05-22T12:44:07.528618Z","email","guest","Demo Camper","rv_c7512c2d707c43e5b7"
"446b3a02-1e2a-4f79-98e1-2eb90fb17a50","quickcheckin-fdda522ea8d8@example.com","2026-05-22T12:44:07.465503Z","2026-05-22T12:44:07.916559Z","2026-05-22T12:44:07.579068Z","email","guest","Demo Camper","rv_446b3a021e2a4f7998"
"45365615-95da-4e19-830d-212982cd5d79","quickcheckin-6641d48ae77d@example.com","2026-05-22T12:43:37.408736Z","2026-05-22T12:43:37.664403Z","2026-05-22T12:43:37.413737Z","email","guest","Demo Camper","rv_4536561595da4e1983"
"39293ec5-f752-4d6f-a3e3-d89b9600a6b2","quickcheckin-4f661c98949e@example.com","2026-05-22T12:43:36.738335Z","2026-05-22T12:43:36.964121Z","2026-05-22T12:43:36.742275Z","email","guest","Demo Camper","rv_39293ec5f7524d6fa3"
"108df3e0-68c3-429a-9182-fa00e1d3d406","quickcheckin-de353dbf9b7a@example.com","2026-05-22T12:43:28.559766Z","2026-05-22T12:43:28.79094Z","2026-05-22T12:43:28.562961Z","email","guest","Demo Camper","rv_108df3e068c3429a91"
"1069f8b1-8038-4260-b45e-3fc18d0a5ae8","quickcheckin-eb98a16bb68d@example.com","2026-05-22T12:43:24.83621Z","2026-05-22T12:43:25.033511Z","2026-05-22T12:43:24.842316Z","email","guest","Demo Camper","rv_1069f8b180384260b4"
"7d25e72c-dcf9-490f-8c03-a489004ee2d9","quickcheckin-45f45c27b850@example.com","2026-05-22T12:43:19.917643Z","2026-05-22T12:43:20.122514Z","2026-05-22T12:43:19.925165Z","email","guest","Demo Camper","rv_7d25e72cdcf9490f8c"
"a4fd0da4-f991-4e8d-b685-cbeb46d7dadf","quickcheckin-3d16eb45b432@example.com","2026-05-22T12:43:16.692825Z","2026-05-22T12:43:16.897921Z","2026-05-22T12:43:16.698844Z","email","guest","Demo Camper","rv_a4fd0da4f9914e8db6"
"9d8cd3ec-a65e-4b33-ba56-bff032a23df3","quickcheckin-8f5ce2f0f3d6@example.com","2026-05-22T12:43:10.099629Z","2026-05-22T12:43:10.320741Z","2026-05-22T12:43:10.112069Z","email","guest","Demo Camper","rv_9d8cd3eca65e4b33ba"
"433c072d-9a6b-4fe1-8828-4ad678ec6024","quickcheckin-4d4e4614adac@example.com","2026-05-22T12:43:01.200938Z","2026-05-22T12:43:01.432788Z","2026-05-22T12:43:01.204015Z","email","guest","Demo Camper","rv_433c072d9a6b4fe188"
"b2d40208-987f-4660-922d-3a385012dcab","quickcheckin-72fd4c448960@example.com","2026-05-22T12:43:01.141708Z","2026-05-22T12:43:01.412693Z","2026-05-22T12:43:01.153156Z","email","guest","Demo Camper","rv_b2d40208987f466092"
"4577c3c0-64d9-4e5f-88d4-a001a1eb29a4","quickcheckin-6fc83720ac86@example.com","2026-05-22T12:42:54.195298Z","2026-05-22T12:42:54.503993Z","2026-05-22T12:42:54.218152Z","email","guest","Demo Camper","rv_4577c3c064d94e5f88"
"01480e10-1f65-4d82-9729-30bc9fd53250","quickcheckin-6d1e48bb169c@example.com","2026-05-22T12:42:34.505615Z","2026-05-22T12:42:34.743046Z","2026-05-22T12:42:34.523203Z","email","guest","Demo Camper","rv_01480e101f654d8297"
"b08860fe-e942-497a-ae2d-497a796ac75d","quickcheckin-38146a65e56e@example.com","2026-05-22T12:42:30.13393Z","2026-05-22T12:42:30.409414Z","2026-05-22T12:42:30.139747Z","email","guest","Demo Camper","rv_b08860fee942497aae"
"8dda4d74-d9bc-45f8-9eca-2e68125277e6","quickcheckin-ccef3f6ac973@example.com","2026-05-22T12:42:30.04486Z","2026-05-22T12:42:30.273152Z","2026-05-22T12:42:30.054077Z","email","guest","Demo Camper","rv_8dda4d74d9bc45f89e"
"d9387842-b4d2-4b01-add3-c248f6a9f7ad","quickcheckin-4b9f1421adee@example.com","2026-05-22T12:42:29.650742Z","2026-05-22T12:42:29.916303Z","2026-05-22T12:42:29.677418Z","email","guest","Demo Camper","rv_d9387842b4d24b01ad"
"cb52f570-961f-40a4-a783-fce698c78b17","quickcheckin-644ac6114ed1@example.com","2026-05-22T12:41:38.779876Z","2026-05-22T12:41:39.045693Z","2026-05-22T12:41:38.804186Z","email","guest","Demo Camper","rv_cb52f570961f40a4a7"
"3363f517-7dcd-4640-b319-ab0cb203ba07","quickcheckin-2efa3fe7f674@example.com","2026-05-22T12:40:31.833811Z","2026-05-22T12:40:32.20825Z","2026-05-22T12:40:31.916332Z","email","guest","Demo Camper","rv_3363f5177dcd4640b3"
"abfcfeac-d872-44ef-b30b-343587511ac6","quickcheckin-1eb7fd232122@example.com","2026-05-22T12:29:06.71927Z","2026-05-22T12:29:07.016023Z","2026-05-22T12:29:06.740513Z","email","guest","Demo Camper","rv_abfcfeacd87244efb3"
"c2c6e4a1-7e17-489b-a85c-28b5845ff39b","quickcheckin-6c02d2865147@example.com","2026-05-22T12:28:48.297707Z","2026-05-22T12:28:48.513268Z","2026-05-22T12:28:48.302681Z","email","guest","Demo Camper","rv_c2c6e4a17e17489ba8"
"84f64522-8d0d-49e7-aa63-a4939cad1235","quickcheckin-296e42c2766d@example.com","2026-05-22T12:28:45.862379Z","2026-05-22T12:28:46.076048Z","2026-05-22T12:28:45.865261Z","email","guest","Demo Camper","rv_84f645228d0d49e7aa"
"b52f6dde-c2e3-499d-812c-0f13affc3798","quickcheckin-ea28decbb7c3@example.com","2026-05-22T12:28:29.315818Z","2026-05-22T12:28:29.674882Z","2026-05-22T12:28:29.322195Z","email","guest","Demo Camper","rv_b52f6ddec2e3499d81"
"48d7619f-914b-4183-ae65-842d0461c5d9","quickcheckin-0308ff000e2d@example.com","2026-05-22T12:28:27.24744Z","2026-05-22T12:28:27.51765Z","2026-05-22T12:28:27.257298Z","email","guest","Demo Camper","rv_48d7619f914b4183ae"
"03739612-c8c6-41b6-9e78-fd2883278b84","quickcheckin-da0f2b586e48@example.com","2026-05-22T12:28:12.582552Z","2026-05-22T12:28:12.825639Z","2026-05-22T12:28:12.597241Z","email","guest","Demo Camper","rv_03739612c8c641b69e"
"6fe30d92-b8f7-4655-a4b4-282e0e802326","quickcheckin-435778d5cc8e@example.com","2026-05-22T12:28:09.97583Z","2026-05-22T12:28:10.23478Z","2026-05-22T12:28:09.995239Z","email","guest","Demo Camper","rv_6fe30d92b8f74655a4"
"66c431fb-16fb-4e21-9086-47dfa07bab74","quickcheckin-e16df1d893a3@example.com","2026-05-22T12:27:51.671184Z","2026-05-22T12:27:52.05117Z","2026-05-22T12:27:51.805686Z","email","guest","Demo Camper","rv_66c431fb16fb4e2190"
"1a825a30-79f4-496a-a254-8a6d3aae6d15","quickcheckin-226bebdc0d66@example.com","2026-05-22T12:27:36.974479Z","2026-05-22T12:27:37.214065Z","2026-05-22T12:27:36.986752Z","email","guest","Demo Camper","rv_1a825a3079f4496aa2"
"d792505e-7353-47cd-80dd-7263357f09f3","quickcheckin-b395b388e50c@example.com","2026-05-22T12:27:04.316516Z","2026-05-22T12:27:04.54654Z","2026-05-22T12:27:04.320091Z","email","guest","Demo Camper","rv_d792505e735347cd80"
"3ddf4424-925f-4486-bb9f-cf305c893972","quickcheckin-3aba58fa679c@example.com","2026-05-22T12:27:04.177457Z","2026-05-22T12:27:04.449796Z","2026-05-22T12:27:04.186235Z","email","guest","Demo Camper","rv_3ddf4424925f4486bb"
"72c0026e-fbb0-4b21-aa43-88af56f3e6b7","quickcheckin-54b6361681bd@example.com","2026-05-22T12:26:45.409458Z","2026-05-22T12:26:45.663374Z","2026-05-22T12:26:45.41434Z","email","guest","Demo Camper","rv_72c0026efbb04b21aa"
"920d40c0-1b75-4f0e-a6ae-2cecff72c08d","quickcheckin-b04e0e335e63@example.com","2026-05-22T12:26:24.021043Z","2026-05-22T12:26:24.225578Z","2026-05-22T12:26:24.028739Z","email","guest","Demo Camper","rv_920d40c01b754f0ea6"
"45f34bf4-d84b-4dc3-b5c0-7b3913e52fbf","quickcheckin-5ce691765e3f@example.com","2026-05-22T12:26:23.30954Z","2026-05-22T12:26:23.539688Z","2026-05-22T12:26:23.314149Z","email","guest","Demo Camper","rv_45f34bf4d84b4dc3b5"
"1fa1a3d5-6fdc-456f-b170-fe5397d5c671","quickcheckin-f106713e2f9c@example.com","2026-05-22T12:26:20.878683Z","2026-05-22T12:26:21.128639Z","2026-05-22T12:26:20.884091Z","email","guest","Demo Camper","rv_1fa1a3d56fdc456fb1"
"0d57c72b-5023-4bec-b437-cf5103affcf6","quickcheckin-4dbecb4a12fe@example.com","2026-05-22T12:26:05.534506Z","2026-05-22T12:26:05.846681Z","2026-05-22T12:26:05.587899Z","email","guest","Demo Camper","rv_0d57c72b50234becb4"
"69eca363-1c43-4e77-bfef-a5c1cf496125","quickcheckin-55bc08b32b71@example.com","2026-05-22T12:25:48.358239Z","2026-05-22T12:25:48.663549Z","2026-05-22T12:25:48.390911Z","email","guest","Demo Camper","rv_69eca3631c434e77bf"
"a59c39b5-2555-403f-8286-a4e43a89d584","quickcheckin-82ccb8151696@example.com","2026-05-22T12:25:37.476965Z","2026-05-22T12:25:37.67792Z","2026-05-22T12:25:37.485779Z","email","guest","Demo Camper","rv_a59c39b52555403f82"
"aad0b393-4eff-4b8f-8af0-d13ef5f9f4ed","quickcheckin-5ad4ea7ef521@example.com","2026-05-22T12:25:37.36524Z","2026-05-22T12:25:37.5826Z","2026-05-22T12:25:37.370082Z","email","guest","Demo Camper","rv_aad0b3934eff4b8f8a"
"7e3201b7-f110-4282-a67b-ce895b0b9763","quickcheckin-7578ccf39f8b@example.com","2026-05-22T12:25:13.739283Z","2026-05-22T12:25:13.953061Z","2026-05-22T12:25:13.742069Z","email","guest","Demo Camper","rv_7e3201b7f1104282a6"
"f4cec344-12bb-4aa1-838b-8317bc0b47b6","quickcheckin-3da7995705a4@example.com","2026-05-22T12:25:02.114017Z","2026-05-22T12:25:02.339186Z","2026-05-22T12:25:02.1197Z","email","guest","Demo Camper","rv_f4cec34412bb4aa183"
"e3c9c4c0-d2a6-43e8-ab4a-ff9fa86bae43","quickcheckin-5960623d1925@example.com","2026-05-22T12:24:54.182099Z","2026-05-22T12:24:54.435507Z","2026-05-22T12:24:54.213531Z","email","guest","Demo Camper","rv_e3c9c4c0d2a643e8ab"
"820761d6-6714-4925-9023-df87febf682a","quickcheckin-0af76fc04659@example.com","2026-05-22T12:24:50.444823Z","2026-05-22T12:24:50.669115Z","2026-05-22T12:24:50.454289Z","email","guest","Demo Camper","rv_820761d66714492590"
"b35d32ec-11e7-41be-86f6-b8adc36e1041","quickcheckin-7ae3a85f75c6@example.com","2026-05-22T12:24:45.875741Z","2026-05-22T12:24:46.107566Z","2026-05-22T12:24:45.879052Z","email","guest","Demo Camper","rv_b35d32ec11e741be86"
"b1473d7c-cbb6-40eb-bf33-a4d94f761fbe","quickcheckin-ad7f5f42990c@example.com","2026-05-22T12:24:42.36936Z","2026-05-22T12:24:42.589752Z","2026-05-22T12:24:42.374454Z","email","guest","Demo Camper","rv_b1473d7ccbb640ebbf"
"9c90c5ae-c106-424a-bc73-12067076c5be","quickcheckin-9cc5d0da9559@example.com","2026-05-22T12:24:38.467492Z","2026-05-22T12:24:38.695648Z","2026-05-22T12:24:38.472063Z","email","guest","Demo Camper","rv_9c90c5aec106424abc"
"0706bf63-bda8-422f-a10a-e8d887b59135","quickcheckin-548d354fe4ac@example.com","2026-05-22T12:24:34.263201Z","2026-05-22T12:24:34.499374Z","2026-05-22T12:24:34.26711Z","email","guest","Demo Camper","rv_0706bf63bda8422fa1"
"62966188-854c-4888-9056-5d9d1dfe95c7","quickcheckin-1b662374edae@example.com","2026-05-22T12:24:22.118152Z","2026-05-22T12:24:22.308817Z","2026-05-22T12:24:22.121897Z","email","guest","Demo Camper","rv_62966188854c488890"
"50f921f0-a720-413d-8a66-640036d6af87","quickcheckin-fcca96497257@example.com","2026-05-22T12:24:18.369128Z","2026-05-22T12:24:18.661744Z","2026-05-22T12:24:18.391266Z","email","guest","Demo Camper","rv_50f921f0a720413d8a"
"147b21e1-efb8-43cc-a63a-811b4f275330","quickcheckin-72e9a847c27f@example.com","2026-05-22T12:24:12.997916Z","2026-05-22T12:24:13.200196Z","2026-05-22T12:24:13.002386Z","email","guest","Demo Camper","rv_147b21e1efb843cca6"
"028e8ad9-63ff-4091-a1a0-24b92a3cc70c","quickcheckin-6b915a5823b4@example.com","2026-05-22T12:24:11.53642Z","2026-05-22T12:24:11.734141Z","2026-05-22T12:24:11.54212Z","email","guest","Demo Camper","rv_028e8ad963ff4091a1"
"14933fd5-df49-42bc-a67d-99e6857aba6f","quickcheckin-be494069859b@example.com","2026-05-22T12:24:06.939682Z","2026-05-22T12:24:07.146688Z","2026-05-22T12:24:06.945401Z","email","guest","Demo Camper","rv_14933fd5df4942bca6"
"04a50588-4301-402f-a500-11faf5fd72ba","quickcheckin-146a338a2b28@example.com","2026-05-22T12:24:03.936904Z","2026-05-22T12:24:04.217053Z","2026-05-22T12:24:04.010943Z","email","guest","Demo Camper","rv_04a505884301402fa5"
"c2ccef06-a984-4f2c-8289-fd2404868067","quickcheckin-4fdd2b2ec902@example.com","2026-05-22T12:23:55.332337Z","2026-05-22T12:23:55.595049Z","2026-05-22T12:23:55.368628Z","email","guest","Demo Camper","rv_c2ccef06a9844f2c82"
"0bc1c54c-bc9b-45b3-89bc-6f97da2d3ae2","quickcheckin-e7a01b810ea4@example.com","2026-05-22T12:23:48.444537Z","2026-05-22T12:23:48.71868Z","2026-05-22T12:23:48.468812Z","email","guest","Demo Camper","rv_0bc1c54cbc9b45b389"
"292c3aa8-6474-40de-8fcc-480c57f614c8","quickcheckin-91477f6084f3@example.com","2026-05-22T12:23:43.760048Z","2026-05-22T12:23:43.978503Z","2026-05-22T12:23:43.767608Z","email","guest","Demo Camper","rv_292c3aa8647440de8f"
"76e3ce75-c57c-4d99-a0c4-8635c7203d56","quickcheckin-83c38604706f@example.com","2026-05-22T12:23:40.166825Z","2026-05-22T12:23:40.400511Z","2026-05-22T12:23:40.184729Z","email","guest","Demo Camper","rv_76e3ce75c57c4d99a0"
"ea7d2401-0d9d-4b32-8add-438cb96cc542","quickcheckin-11cef22b5c5f@example.com","2026-05-22T12:23:23.105474Z","2026-05-22T12:23:23.585468Z","2026-05-22T12:23:23.270888Z","email","guest","Demo Camper","rv_ea7d24010d9d4b328a"
"ba0cb301-c1a8-4ba7-a589-81dd5172acbe","quickcheckin-cdb76fa2717e@example.com","2026-05-22T12:23:22.674303Z","2026-05-22T12:23:23.107978Z","2026-05-22T12:23:22.69884Z","email","guest","Demo Camper","rv_ba0cb301c1a84ba7a5"
"5ce96e3c-7a22-4b90-bf00-85e7b86966cd","quickcheckin-26f22bc07a09@example.com","2026-05-22T12:23:22.616495Z","2026-05-22T12:23:23.322693Z","2026-05-22T12:23:22.699823Z","email","guest","Demo Camper","rv_5ce96e3c7a224b90bf"
"2fbf5f07-ad74-426a-a4f6-8bcc5999fa68","quickcheckin-d91c7f02d4cd@example.com","2026-05-22T11:21:05.509604Z","2026-05-22T11:21:05.905743Z","2026-05-22T11:21:05.532187Z","email","guest","Demo Camper","rv_2fbf5f07ad74426aa4"
"de7dc940-5712-460a-9bcd-b64df9d199c9","quickcheckin-521ae35bedf8@example.com","2026-05-22T11:19:29.581049Z","2026-05-22T11:19:29.853286Z","2026-05-22T11:19:29.607285Z","email","guest","Demo Camper","rv_de7dc9405712460a9b"
"029be87c-ab76-4104-8814-bc914d873c36","quickcheckin-7ae4f18ac497@example.com","2026-05-22T11:15:53.581074Z","2026-05-22T11:15:53.899297Z","2026-05-22T11:15:53.615528Z","email","guest","Demo Camper","rv_029be87cab76410488"
"1cfe4631-4bcb-4411-89b4-b2544fd26f5d","quickcheckin-d3e6eb1d6d49@example.com","2026-05-22T11:13:04.997565Z","2026-05-22T11:13:06.292006Z","2026-05-22T11:13:05.292112Z","email","guest","Demo Camper","rv_1cfe46314bcb441189"
"64f5b358-880b-4b8b-a069-3c07e732a9da","quickcheckin-80b308a82773@example.com","2026-05-22T11:12:48.809946Z","2026-05-22T11:12:49.925157Z","2026-05-22T11:12:48.822424Z","email","guest","Demo Camper","rv_64f5b358880b4b8ba0"
"a72e9fdc-6959-4c2e-a683-9fb880530cd3","quickcheckin-dd586241b2cc@example.com","2026-05-22T11:12:47.124296Z","2026-05-22T11:12:47.618376Z","2026-05-22T11:12:47.234634Z","email","guest","Demo Camper","rv_a72e9fdc69594c2ea6"
"f986315a-f102-4e15-91d3-89282ddf9182","quickcheckin-0027abe4315c@example.com","2026-05-22T11:11:54.401508Z","2026-05-22T11:11:54.69562Z","2026-05-22T11:11:54.426758Z","email","guest","Demo Camper","rv_f986315af1024e1591"
"1311c89c-453c-4e94-9d60-72645c9b8731","quickcheckin-cf2a4bf34df0@example.com","2026-05-22T11:11:27.116637Z","2026-05-22T11:11:27.376556Z","2026-05-22T11:11:27.122524Z","email","guest","Demo Camper","rv_1311c89c453c4e949d"
"de3a067f-c393-4b68-99de-70e7ba4cc4df","quickcheckin-0df86b68d69d@example.com","2026-05-22T11:11:16.805687Z","2026-05-22T11:11:17.090433Z","2026-05-22T11:11:16.822382Z","email","guest","Demo Camper","rv_de3a067fc3934b6899"
"9d225cb6-6f67-408a-9c32-a5a18c1d7f7a","quickcheckin-ff1f8225428a@example.com","2026-05-22T11:11:10.183341Z","2026-05-22T11:11:10.450163Z","2026-05-22T11:11:10.191956Z","email","guest","Demo Camper","rv_9d225cb66f67408a9c"
"212b8dfe-f294-46ea-822a-a8c57f8b8f69","quickcheckin-fd73e1882b74@example.com","2026-05-22T11:11:01.878693Z","2026-05-22T11:11:02.168221Z","2026-05-22T11:11:01.900194Z","email","guest","Demo Camper","rv_212b8dfef29446ea82"
"5a5aa16a-af7f-4675-a2da-6c6707af0309","quickcheckin-1ec3b8b3ea92@example.com","2026-05-22T11:10:46.317899Z","2026-05-22T11:10:46.539396Z","2026-05-22T11:10:46.320874Z","email","guest","Demo Camper","rv_5a5aa16aaf7f4675a2"
"95ed5f2f-ffe5-49a7-aa4c-23738b32e44b","quickcheckin-5daa4a525492@example.com","2026-05-22T11:10:38.390745Z","2026-05-22T11:10:38.600072Z","2026-05-22T11:10:38.393641Z","email","guest","Demo Camper","rv_95ed5f2fffe549a7aa"
"4b6862e2-e10e-4f4d-aa60-56356c433dd9","quickcheckin-278ec93b076e@example.com","2026-05-22T11:10:35.07836Z","2026-05-22T11:10:35.293688Z","2026-05-22T11:10:35.081631Z","email","guest","Demo Camper","rv_4b6862e2e10e4f4daa"
"8d563ece-fd23-4fc0-9e1e-b89ef3d7217b","quickcheckin-8ac82758e102@example.com","2026-05-22T11:10:29.137274Z","2026-05-22T11:10:29.388288Z","2026-05-22T11:10:29.156911Z","email","guest","Demo Camper","rv_8d563ecefd234fc09e"
"616b77dd-10a0-4355-bda2-1dd0d3323f32","quickcheckin-2a5b45033aa0@example.com","2026-05-22T11:09:53.775326Z","2026-05-22T11:09:54.042695Z","2026-05-22T11:09:53.789907Z","email","guest","Demo Camper","rv_616b77dd10a04355bd"
"766c0ee5-44b1-472f-a714-43aa39ec0619","quickcheckin-f02741b3fcd7@example.com","2026-05-22T11:09:53.386597Z","2026-05-22T11:09:53.865951Z","2026-05-22T11:09:53.455686Z","email","guest","Demo Camper","rv_766c0ee544b1472fa7"
"abd53488-75b0-485c-9021-427a03ee66eb","quickcheckin-6b0046fef4cf@example.com","2026-05-22T11:09:51.803118Z","2026-05-22T11:09:52.056371Z","2026-05-22T11:09:51.825339Z","email","guest","Demo Camper","rv_abd5348875b0485c90"
"88a7799d-f78d-4482-93d4-f8c4fc3ee856","quickcheckin-ef0f75b689b6@example.com","2026-05-22T11:09:51.789917Z","2026-05-22T11:09:52.069083Z","2026-05-22T11:09:51.821684Z","email","guest","Demo Camper","rv_88a7799df78d448293"
"7bc832d0-e9b2-4b68-a9e5-b5d072bc89df","quickcheckin-4695260af309@example.com","2026-05-22T11:09:11.802703Z","2026-05-22T11:09:12.073266Z","2026-05-22T11:09:11.829676Z","email","guest","Demo Camper","rv_7bc832d0e9b24b68a9"
"2e37b945-0e60-43d0-83a9-36a550864303","quickcheckin-148c2bbf0e10@example.com","2026-05-22T11:08:47.896577Z","2026-05-22T11:08:48.141122Z","2026-05-22T11:08:47.899699Z","email","guest","Demo Camper","rv_2e37b9450e6043d083"
"afbbaf7d-7cb2-409a-98f1-cc39ad67bdaf","quickcheckin-102de89a5ce7@example.com","2026-05-22T11:08:33.949799Z","2026-05-22T11:08:34.196593Z","2026-05-22T11:08:33.952879Z","email","guest","Demo Camper","rv_afbbaf7d7cb2409a98"
"5b23fb72-6adc-48d2-bbdf-954366e5c98c","quickcheckin-e9c8cedb0293@example.com","2026-05-22T11:08:20.235388Z","2026-05-22T11:08:20.46004Z","2026-05-22T11:08:20.241069Z","email","guest","Demo Camper","rv_5b23fb726adc48d2bb"
"403e8173-275e-4043-a8ee-e4979d7d7d47","quickcheckin-e44a6a1a8806@example.com","2026-05-22T11:08:16.201825Z","2026-05-22T11:08:16.445922Z","2026-05-22T11:08:16.223089Z","email","guest","Demo Camper","rv_403e8173275e4043a8"
"af7a5a1a-5943-42aa-bee0-06db02693817","quickcheckin-9a0ae811f483@example.com","2026-05-22T11:08:11.17049Z","2026-05-22T11:08:11.535179Z","2026-05-22T11:08:11.211376Z","email","guest","Demo Camper","rv_af7a5a1a594342aabe"
"b8f40dbb-9571-41c9-95ab-c07fa3929b64","quickcheckin-2fa4379cc7a8@example.com","2026-05-22T11:07:39.494366Z","2026-05-22T11:07:39.73686Z","2026-05-22T11:07:39.50254Z","email","guest","Demo Camper","rv_b8f40dbb957141c995"
"4b876dec-e6d4-4e42-8160-87729ff1b60c","quickcheckin-a7ca911a3f4e@example.com","2026-05-22T11:07:16.754534Z","2026-05-22T11:07:17.022317Z","2026-05-22T11:07:16.78113Z","email","guest","Demo Camper","rv_4b876dece6d44e4281"
"44d06286-7d7d-4098-8d22-69a40f8b3430","quickcheckin-d28ceda0afeb@example.com","2026-05-22T11:07:11.308215Z","2026-05-22T11:07:11.511895Z","2026-05-22T11:07:11.317519Z","email","guest","Demo Camper","rv_44d062867d7d40988d"
"6c58d6cf-5507-460c-b4cc-b6c48f1bbffc","quickcheckin-170ae9014130@example.com","2026-05-22T11:06:57.934577Z","2026-05-22T11:06:58.183796Z","2026-05-22T11:06:57.939417Z","email","guest","Demo Camper","rv_6c58d6cf5507460cb4"
"2b240435-fe65-45c1-970a-1289d4c482a1","quickcheckin-2352183447d9@example.com","2026-05-22T11:06:49.016421Z","2026-05-22T11:06:49.254289Z","2026-05-22T11:06:49.020335Z","email","guest","Demo Camper","rv_2b240435fe6545c197"
"de9833bb-6ef5-4145-b499-ea2c5bad030c","quickcheckin-0a24f4357c7d@example.com","2026-05-22T11:06:39.286527Z","2026-05-22T11:06:39.513965Z","2026-05-22T11:06:39.29037Z","email","guest","Demo Camper","rv_de9833bb6ef54145b4"
"98c1e8ac-396c-4889-bd64-fa34fde8450b","quickcheckin-2d791edd2df1@example.com","2026-05-22T11:06:38.867337Z","2026-05-22T11:06:39.11259Z","2026-05-22T11:06:38.871928Z","email","guest","Demo Camper","rv_98c1e8ac396c4889bd"
"ba57676c-4f39-4cc4-abfe-2795d9178a2d","quickcheckin-e245dcea799e@example.com","2026-05-22T11:06:30.650389Z","2026-05-22T11:06:30.833262Z","2026-05-22T11:06:30.653714Z","email","guest","Demo Camper","rv_ba57676c4f394cc4ab"
"4764dc91-2313-4a60-b012-35d8e18b50cd","quickcheckin-0e4d8690182e@example.com","2026-05-22T11:06:22.672021Z","2026-05-22T11:06:22.905221Z","2026-05-22T11:06:22.676462Z","email","guest","Demo Camper","rv_4764dc9123134a60b0"
"639f3dd6-6ecb-4cfd-9afd-004216cabb98","quickcheckin-d5de739a0401@example.com","2026-05-22T11:06:14.079859Z","2026-05-22T11:06:14.292271Z","2026-05-22T11:06:14.085714Z","email","guest","Demo Camper","rv_639f3dd66ecb4cfd9a"
"f0d4d4df-5b5c-49c6-b03b-c770a3ce0167","quickcheckin-263b172b2ed4@example.com","2026-05-22T11:06:08.8419Z","2026-05-22T11:06:09.074837Z","2026-05-22T11:06:08.85324Z","email","guest","Demo Camper","rv_f0d4d4df5b5c49c6b0"
"442b7f4e-0d78-4bbe-9051-cc5483544d65","quickcheckin-045382778f75@example.com","2026-05-22T11:06:06.601226Z","2026-05-22T11:06:06.80686Z","2026-05-22T11:06:06.611649Z","email","guest","Demo Camper","rv_442b7f4e0d784bbe90"
"16dbf7a5-3987-49fa-b652-b1799b3eeda5","quickcheckin-f29fc409cf08@example.com","2026-05-22T11:06:00.213355Z","2026-05-22T11:06:00.524524Z","2026-05-22T11:06:00.274752Z","email","guest","Demo Camper","rv_16dbf7a5398749fab6"
"5ca1009e-2917-4e80-a42a-ab13b1828f61","quickcheckin-8d4a12ed16cc@example.com","2026-05-22T11:05:59.792689Z","2026-05-22T11:06:00.098639Z","2026-05-22T11:05:59.823529Z","email","guest","Demo Camper","rv_5ca1009e29174e80a4"
"2294885e-015f-4219-9dd3-c013a0078130","quickcheckin-c906416db73c@example.com","2026-05-22T11:05:51.885306Z","2026-05-22T11:05:52.183119Z","2026-05-22T11:05:51.979202Z","email","guest","Demo Camper","rv_2294885e015f42199d"
"b7054b84-3955-434d-b040-f28ad178a341","quickcheckin-2f7a21247676@example.com","2026-05-22T11:05:44.00376Z","2026-05-22T11:05:44.274487Z","2026-05-22T11:05:44.041122Z","email","guest","Demo Camper","rv_b7054b843955434db0"
"c7afbe7e-971c-41f0-a300-98d9296d2fe8","quickcheckin-00289d0e7186@example.com","2026-05-22T11:05:39.692758Z","2026-05-22T11:05:39.937732Z","2026-05-22T11:05:39.696506Z","email","guest","Demo Camper","rv_c7afbe7e971c41f0a3"
"a6ef7ee2-401d-440f-b2f6-c729057bc57f","quickcheckin-0c54505bb2f7@example.com","2026-05-22T11:05:37.228283Z","2026-05-22T11:05:37.478038Z","2026-05-22T11:05:37.250923Z","email","guest","Demo Camper","rv_a6ef7ee2401d440fb2"
"1176778c-6ad2-4ea6-8d77-04af4ae8244a","quickcheckin-79570a359c2e@example.com","2026-05-22T11:05:19.324616Z","2026-05-22T11:05:19.616577Z","2026-05-22T11:05:19.339088Z","email","guest","Demo Camper","rv_1176778c6ad24ea68d"
"a4497e12-41bb-4365-93ee-77320266eb7f","quickcheckin-2ff443d34a8f@example.com","2026-05-22T11:05:18.445548Z","2026-05-22T11:05:18.661205Z","2026-05-22T11:05:18.449099Z","email","guest","Demo Camper","rv_a4497e1241bb436593"
"ae3d3b99-1b76-40dc-8a00-50ff6a5eb1ae","quickcheckin-b84ba751d561@example.com","2026-05-22T11:05:18.164074Z","2026-05-22T11:05:18.507499Z","2026-05-22T11:05:18.250119Z","email","guest","Demo Camper","rv_ae3d3b991b7640dc8a"
"5e997bc6-1715-434b-8815-04040d7d4a80","quickcheckin-dfb2e19342b9@example.com","2026-05-22T11:02:38.664027Z","2026-05-22T11:02:38.962493Z","2026-05-22T11:02:38.717208Z","email","guest","Demo Camper","rv_5e997bc61715434b88"
"363f6fbf-8c17-4214-8f66-fec456171cb7","quickcheckin-7885a776b2a2@example.com","2026-05-22T11:00:29.281038Z","2026-05-22T11:00:29.504282Z","2026-05-22T11:00:29.289089Z","email","guest","Demo Camper","rv_363f6fbf8c1742148f"
"0dd26b93-64d8-41e0-88a8-f33be27a72ba","quickcheckin-127374c2fd2f@example.com","2026-05-22T11:00:26.602916Z","2026-05-22T11:00:26.850796Z","2026-05-22T11:00:26.607931Z","email","guest","Demo Camper","rv_0dd26b9364d841e088"
"30f39889-f8af-4c26-92c7-a54fd425fc9d","quickcheckin-51a258fe1c9e@example.com","2026-05-22T11:00:16.817022Z","2026-05-22T11:00:17.115062Z","2026-05-22T11:00:16.842065Z","email","guest","Demo Camper","rv_30f39889f8af4c2692"
"9c483d80-9efc-4252-9f83-9a3c204dec99","quickcheckin-f0f05b9725e4@example.com","2026-05-22T10:59:53.113479Z","2026-05-22T10:59:53.421868Z","2026-05-22T10:59:53.141766Z","email","guest","Demo Camper","rv_9c483d809efc42529f"
"a78b3e49-a757-40d9-9eb5-5e985ae1c228","quickcheckin-ecc8a7be4715@example.com","2026-05-22T10:59:01.663841Z","2026-05-22T10:59:01.92769Z","2026-05-22T10:59:01.686479Z","email","guest","Demo Camper","rv_a78b3e49a75740d99e"
"99a763f6-aa2a-4e61-ba33-d960b3c29ca9","quickcheckin-06d5f06da0ba@example.com","2026-05-22T10:58:47.618271Z","2026-05-22T10:58:47.826905Z","2026-05-22T10:58:47.622202Z","email","guest","Demo Camper","rv_99a763f6aa2a4e61ba"
"fa32ea65-319d-4866-9670-ca3d4c4e639b","quickcheckin-93a81ccbb4fd@example.com","2026-05-22T10:58:47.059709Z","2026-05-22T10:58:47.295232Z","2026-05-22T10:58:47.065179Z","email","guest","Demo Camper","rv_fa32ea65319d486696"
"8113a2f2-2379-4d91-adda-7c7116c1a468","quickcheckin-819d4a33a382@example.com","2026-05-22T10:58:35.268987Z","2026-05-22T10:58:35.507388Z","2026-05-22T10:58:35.300976Z","email","guest","Demo Camper","rv_8113a2f223794d91ad"
"3648ab12-29fc-4e83-923e-e3c80f305e40","quickcheckin-3baae79661e3@example.com","2026-05-22T10:58:22.63507Z","2026-05-22T10:58:22.882694Z","2026-05-22T10:58:22.669842Z","email","guest","Demo Camper","rv_3648ab1229fc4e8392"
"3e630ea9-3845-4b25-ba0d-1f16a53de552","quickcheckin-9dc86018d4c6@example.com","2026-05-22T10:58:05.902532Z","2026-05-22T10:58:06.138691Z","2026-05-22T10:58:05.908956Z","email","guest","Demo Camper","rv_3e630ea938454b25ba"
"69821051-69d7-46ba-b84b-8128de8f3eca","quickcheckin-5d581d6e0f2c@example.com","2026-05-22T10:57:54.240443Z","2026-05-22T10:57:54.491794Z","2026-05-22T10:57:54.246505Z","email","guest","Demo Camper","rv_6982105169d746bab8"
"cc50c2fa-9387-410c-9b71-3490c256ea11","quickcheckin-3cebc5f2c818@example.com","2026-05-22T10:57:54.163724Z","2026-05-22T10:57:54.409932Z","2026-05-22T10:57:54.171096Z","email","guest","Demo Camper","rv_cc50c2fa9387410c9b"
"86bdbd69-3328-4c57-b70f-58fb0abfd20a","quickcheckin-61f6b5fb805e@example.com","2026-05-22T10:57:53.203445Z","2026-05-22T10:57:53.4992Z","2026-05-22T10:57:53.231808Z","email","guest","Demo Camper","rv_86bdbd6933284c57b7"
"f07bafd5-5df4-4486-9060-2f73638f4c97","quickcheckin-fbfe2c9d0485@example.com","2026-05-22T10:57:23.329542Z","2026-05-22T10:57:23.537594Z","2026-05-22T10:57:23.334862Z","email","guest","Demo Camper","rv_f07bafd55df4448690"
"a470e160-2061-443f-b78b-5d20d1e2a38a","quickcheckin-9e1ea7be8b30@example.com","2026-05-22T10:57:20.461067Z","2026-05-22T10:57:20.752025Z","2026-05-22T10:57:20.489582Z","email","guest","Demo Camper","rv_a470e1602061443fb7"
"3c36754d-8ae2-4051-a586-b3583085ce96","quickcheckin-118a244bd021@example.com","2026-05-22T10:56:47.926606Z","2026-05-22T10:56:48.187428Z","2026-05-22T10:56:47.92952Z","email","guest","Demo Camper","rv_3c36754d8ae24051a5"
"e37c3973-d592-4856-9876-c591c5f6341c","quickcheckin-2dd71c15a36c@example.com","2026-05-22T10:56:44.050554Z","2026-05-22T10:56:44.246412Z","2026-05-22T10:56:44.05432Z","email","guest","Demo Camper","rv_e37c3973d592485698"
"83169f21-12ac-468f-b997-7f277cecd6b5","quickcheckin-ec643f291b28@example.com","2026-05-22T10:56:31.516906Z","2026-05-22T10:56:31.7525Z","2026-05-22T10:56:31.521536Z","email","guest","Demo Camper","rv_83169f2112ac468fb9"
"dca9483c-9597-4a73-9b24-20c97cf13c2b","quickcheckin-a54c9bccf2fc@example.com","2026-05-22T10:56:21.063708Z","2026-05-22T10:56:21.248241Z","2026-05-22T10:56:21.068088Z","email","guest","Demo Camper","rv_dca9483c95974a739b"
"3e298735-c81e-494e-9f28-0a6d3bf8a35c","quickcheckin-0e86e8f8d999@example.com","2026-05-22T10:56:19.166865Z","2026-05-22T10:56:19.369116Z","2026-05-22T10:56:19.172133Z","email","guest","Demo Camper","rv_3e298735c81e494e9f"
"74919855-b908-4c6c-9144-34a06c927b12","quickcheckin-3d094283fe09@example.com","2026-05-22T10:56:13.772933Z","2026-05-22T10:56:13.976774Z","2026-05-22T10:56:13.780689Z","email","guest","Demo Camper","rv_74919855b9084c6c91"
"c8cd64bc-ea6f-4e26-9011-3de3de61b6b7","quickcheckin-2c7229229ffc@example.com","2026-05-22T10:56:10.25687Z","2026-05-22T10:56:10.477718Z","2026-05-22T10:56:10.269724Z","email","guest","Demo Camper","rv_c8cd64bcea6f4e2690"
"7e9f64e8-de8c-450a-92fd-9222b211c5a3","quickcheckin-a5a5f5d8a163@example.com","2026-05-22T10:56:02.607782Z","2026-05-22T10:56:02.83685Z","2026-05-22T10:56:02.61292Z","email","guest","Demo Camper","rv_7e9f64e8de8c450a92"
"acfc5b76-2773-4ae7-9a22-71ade2c7d7ae","quickcheckin-d92a729e9097@example.com","2026-05-22T10:56:02.103226Z","2026-05-22T10:56:02.32835Z","2026-05-22T10:56:02.109595Z","email","guest","Demo Camper","rv_acfc5b7627734ae79a"
"e0fe6afa-343b-4411-ad8b-f11a78410625","quickcheckin-d9767560adb1@example.com","2026-05-22T10:55:55.922528Z","2026-05-22T10:55:56.155875Z","2026-05-22T10:55:55.952293Z","email","guest","Demo Camper","rv_e0fe6afa343b4411ad"
"2b81cd11-a732-45eb-a627-2ea337fe723e","quickcheckin-7674f9da6b5e@example.com","2026-05-22T10:55:38.900416Z","2026-05-22T10:55:39.192436Z","2026-05-22T10:55:38.905069Z","email","guest","Demo Camper","rv_2b81cd11a73245eba6"
"11cdf434-58e9-4266-b5c8-38d2566cc839","quickcheckin-686ed6303d8c@example.com","2026-05-22T10:55:38.516641Z","2026-05-22T10:55:38.738614Z","2026-05-22T10:55:38.525681Z","email","guest","Demo Camper","rv_11cdf43458e94266b5"
"5bff33b0-8938-4c56-b78e-31f85f16344d","quickcheckin-199721e6d792@example.com","2026-05-22T10:55:37.537719Z","2026-05-22T10:55:37.759324Z","2026-05-22T10:55:37.54387Z","email","guest","Demo Camper","rv_5bff33b089384c56b7"
"dec6bd21-282f-41ba-9f67-b13fad6ccbc9","quickcheckin-d6ee3f07a51f@example.com","2026-05-22T10:55:34.051979Z","2026-05-22T10:55:34.350301Z","2026-05-22T10:55:34.077974Z","email","guest","Demo Camper","rv_dec6bd21282f41ba9f"
"f9532eba-74fd-4c6e-8a40-7cfbe70f0b28","quickcheckin-2cc14ebd93ac@example.com","2026-05-22T10:54:24.318846Z","2026-05-22T10:54:24.690488Z","2026-05-22T10:54:24.366505Z","email","guest","Demo Camper","rv_f9532eba74fd4c6e8a"
"0048170c-aef1-4c69-9702-baa8891f3088","quickcheckin-aa9953396ff4@example.com","2026-05-22T10:53:27.110453Z","2026-05-22T10:53:27.517408Z","2026-05-22T10:53:27.150106Z","email","guest","Demo Camper","rv_0048170caef14c6997"
"d7a3bf6d-87d5-4acf-aff3-7242f89cc0e3","quickcheckin-a6ab38fd3d96@example.com","2026-05-22T10:46:53.983769Z","2026-05-22T10:46:54.682065Z","2026-05-22T10:46:53.988712Z","email","guest","Demo Camper","rv_d7a3bf6d87d54acfaf"
"b120467b-529a-4037-bc1f-12b527105bb9","quickcheckin-89e9f2a49e9e@example.com","2026-05-22T10:46:47.830169Z","2026-05-22T10:46:48.661289Z","2026-05-22T10:46:47.839179Z","email","guest","Demo Camper","rv_b120467b529a4037bc"
"17ac72b4-dd6a-451f-a09d-b5d49a0ac7f9","quickcheckin-9f3c976011f9@example.com","2026-05-22T10:46:13.375268Z","2026-05-22T10:46:14.047538Z","2026-05-22T10:46:13.383034Z","email","guest","Demo Camper","rv_17ac72b4dd6a451fa0"
"fb825219-4c13-4591-be06-ebc0ad06e7de","quickcheckin-4d0d2e429cbd@example.com","2026-05-22T10:46:06.767391Z","2026-05-22T10:46:07.399113Z","2026-05-22T10:46:06.801064Z","email","guest","Demo Camper","rv_fb8252194c134591be"
"6f3f3311-9a79-4fc6-806a-b4a4d1f3b3bf","quickcheckin-a05512d7ab42@example.com","2026-05-22T10:45:39.863269Z","2026-05-22T10:45:40.408451Z","2026-05-22T10:45:39.896089Z","email","guest","Demo Camper","rv_6f3f33119a794fc680"
"5903aeb9-b40f-4409-9f14-131737861857","quickcheckin-cd10e3be24dc@example.com","2026-05-22T10:45:11.471765Z","2026-05-22T10:45:12.315552Z","2026-05-22T10:45:11.509577Z","email","guest","Demo Camper","rv_5903aeb9b40f44099f"
"d7c577fa-8709-4139-a426-ee325149950c","quickcheckin-66375f68d9aa@example.com","2026-05-22T10:44:03.132174Z","2026-05-22T10:44:03.921936Z","2026-05-22T10:44:03.223984Z","email","guest","Demo Camper","rv_d7c577fa87094139a4"
"61c027bf-0966-4b35-9b45-b41357d258f9","quickcheckin-b1a3f7db7d0b@example.com","2026-05-22T10:43:34.715406Z","2026-05-22T10:43:35.239986Z","2026-05-22T10:43:34.718188Z","email","guest","Demo Camper","rv_61c027bf09664b359b"
"e1bdddd7-26c1-4b96-b6b5-2f22f0996b11","quickcheckin-d11651521f3d@example.com","2026-05-22T10:43:23.453545Z","2026-05-22T10:43:24.048353Z","2026-05-22T10:43:23.465342Z","email","guest","Demo Camper","rv_e1bdddd726c14b96b6"
"f243401c-9199-46ab-b927-0a52f36d1b41","quickcheckin-8809a1ccef55@example.com","2026-05-22T10:42:41.029884Z","2026-05-22T10:42:41.562157Z","2026-05-22T10:42:41.038607Z","email","guest","Demo Camper","rv_f243401c919946abb9"
"493318e7-c01c-4023-be1d-45f4f70eb563","quickcheckin-a5fcb523d1a0@example.com","2026-05-22T10:41:57.654971Z","2026-05-22T10:41:58.36352Z","2026-05-22T10:41:57.683853Z","email","guest","Demo Camper","rv_493318e7c01c4023be"
"f794d729-b929-4313-b18f-8a5115659bc6","quickcheckin-ff0b4747ed4d@example.com","2026-05-22T10:41:27.509037Z","2026-05-22T10:41:27.986163Z","2026-05-22T10:41:27.514675Z","email","guest","Demo Camper","rv_f794d729b9294313b1"
"6638b0f6-51ed-4fc4-bc5b-32e5d066f2c0","quickcheckin-6863baaef766@example.com","2026-05-22T10:41:19.121906Z","2026-05-22T10:41:19.664399Z","2026-05-22T10:41:19.160592Z","email","guest","Demo Camper","rv_6638b0f651ed4fc4bc"
"2428fbbc-0742-4e59-8dba-6c45864764c6","quickcheckin-73e5f105729e@example.com","2026-05-22T10:40:24.173613Z","2026-05-22T10:40:24.7998Z","2026-05-22T10:40:24.181801Z","email","guest","Demo Camper","rv_2428fbbc07424e598d"
"f610d7d8-eaf1-4311-af51-150979f81e64","quickcheckin-d8061ba94236@example.com","2026-05-22T10:40:24.117992Z","2026-05-22T10:40:24.737423Z","2026-05-22T10:40:24.150789Z","email","guest","Demo Camper","rv_f610d7d8eaf14311af"
"33857c30-a92a-4b42-abd6-022ccdfd2a56","quickcheckin-c6d7ac8d5574@example.com","2026-05-22T10:39:37.344049Z","2026-05-22T10:39:37.950078Z","2026-05-22T10:39:37.359245Z","email","guest","Demo Camper","rv_33857c30a92a4b42ab"
"f5acc55c-133a-4501-8ae8-a594253f441a","quickcheckin-2fa969a3d5c2@example.com","2026-05-22T10:39:37.26711Z","2026-05-22T10:39:37.909842Z","2026-05-22T10:39:37.338226Z","email","guest","Demo Camper","rv_f5acc55c133a45018a"
"9d9b3ab8-6eee-40a3-bea6-0e96b2199303","quickcheckin-d99cd76e12e6@example.com","2026-05-22T10:38:48.229873Z","2026-05-22T10:38:48.909384Z","2026-05-22T10:38:48.241067Z","email","guest","Demo Camper","rv_9d9b3ab86eee40a3be"
"1529c31c-c71d-4d63-8d65-a9ff173663ca","quickcheckin-0ea13f387831@example.com","2026-05-22T10:38:48.164102Z","2026-05-22T10:38:48.846401Z","2026-05-22T10:38:48.205871Z","email","guest","Demo Camper","rv_1529c31cc71d4d638d"
"1eb46085-3873-4410-b1fc-577890409e46","quickcheckin-e4b058252700@example.com","2026-05-22T10:32:52.405622Z","2026-05-22T10:32:52.922304Z","2026-05-22T10:32:52.408804Z","email","guest","Demo Camper","rv_1eb4608538734410b1"
"d0351047-d129-437b-a9ba-fa6d1e10e7cb","quickcheckin-82bc0ad8891b@example.com","2026-05-22T10:32:46.621426Z","2026-05-22T10:32:47.149591Z","2026-05-22T10:32:46.631616Z","email","guest","Demo Camper","rv_d0351047d129437ba9"
"abd30429-fcc6-4a3b-a784-03aafd2c8c1e","quickcheckin-e7c43f706a40@example.com","2026-05-22T10:32:14.172831Z","2026-05-22T10:32:14.701319Z","2026-05-22T10:32:14.176183Z","email","guest","Demo Camper","rv_abd30429fcc64a3ba7"
"bd1a8290-9719-4c8d-929d-111418be9c3c","quickcheckin-70cf0a2abd78@example.com","2026-05-22T10:32:06.009563Z","2026-05-22T10:32:06.528158Z","2026-05-22T10:32:06.018352Z","email","guest","Demo Camper","rv_bd1a829097194c8d92"
"07609783-27a7-4f75-8031-9266d3db91e1","quickcheckin-44ed5b291fa6@example.com","2026-05-22T10:31:57.420412Z","2026-05-22T10:31:57.68873Z","2026-05-22T10:31:57.448076Z","email","guest","Demo Camper","rv_0760978327a74f7580"
"bb0812c5-b14d-4c5f-8b6e-43c763bd5283","quickcheckin-9336c29f756e@example.com","2026-05-22T10:30:55.18112Z","2026-05-22T10:30:55.478847Z","2026-05-22T10:30:55.199641Z","email","guest","Demo Camper","rv_bb0812c5b14d4c5f8b"
"8832c51a-ed9e-4ccf-8748-56b7fe3e4bc7","quickcheckin-91a1c74ddb9e@example.com","2026-05-22T10:29:57.906639Z","2026-05-22T10:29:58.516744Z","2026-05-22T10:29:57.912009Z","email","guest","Demo Camper","rv_8832c51aed9e4ccf87"
"a2b5cf76-39ba-432d-8f14-90d23718f85e","quickcheckin-9fbaaddaed0e@example.com","2026-05-22T10:29:51.601801Z","2026-05-22T10:29:52.232849Z","2026-05-22T10:29:51.626921Z","email","guest","Demo Camper","rv_a2b5cf7639ba432d8f"
"ecb55f6d-20d3-4307-a03c-e025dad2eff0","quickcheckin-c856c81f0013@example.com","2026-05-22T10:29:15.102381Z","2026-05-22T10:29:15.751609Z","2026-05-22T10:29:15.115586Z","email","guest","Demo Camper","rv_ecb55f6d20d34307a0"
"9b33a3b8-8800-4c87-956c-5c9d13234c6d","quickcheckin-e3893b33ca1c@example.com","2026-05-22T10:29:09.333247Z","2026-05-22T10:29:09.902771Z","2026-05-22T10:29:09.352075Z","email","guest","Demo Camper","rv_9b33a3b888004c8795"
"f656a6fd-2219-4d31-84e2-68bdbd7a80c4","quickcheckin-6caa060c3891@example.com","2026-05-22T10:28:50.653982Z","2026-05-22T10:28:51.301141Z","2026-05-22T10:28:50.664472Z","email","guest","Demo Camper","rv_f656a6fd22194d3184"
"846522cf-95a7-492b-a3bc-f6eb78021d86","quickcheckin-00289b880577@example.com","2026-05-22T10:28:32.808695Z","2026-05-22T10:28:33.380104Z","2026-05-22T10:28:32.84321Z","email","guest","Demo Camper","rv_846522cf95a7492ba3"
"1302b944-1345-4d5e-be4a-cf07ce25d7f8","quickcheckin-ed9906ff8b97@example.com","2026-05-22T10:27:36.987843Z","2026-05-22T10:27:37.572695Z","2026-05-22T10:27:36.993102Z","email","guest","Demo Camper","rv_1302b94413454d5ebe"
"10e00935-2eea-4f09-897f-fe10828e1202","quickcheckin-65a828964140@example.com","2026-05-22T10:27:16.241947Z","2026-05-22T10:27:17.011419Z","2026-05-22T10:27:16.246651Z","email","guest","Demo Camper","rv_10e009352eea4f0989"
"abe8e1d8-3592-4cab-89d0-49ddd68443ec","quickcheckin-d484347d92bd@example.com","2026-05-22T10:27:05.227875Z","2026-05-22T10:27:05.813131Z","2026-05-22T10:27:05.242779Z","email","guest","Demo Camper","rv_abe8e1d835924cab89"
"cabf55de-591c-4442-8cd6-a48a8640366a","quickcheckin-732733533f5b@example.com","2026-05-22T10:26:44.725206Z","2026-05-22T10:26:45.260595Z","2026-05-22T10:26:44.733737Z","email","guest","Demo Camper","rv_cabf55de591c44428c"
"32978e68-1a28-434a-8f37-5b8eaa44430c","quickcheckin-fab9c41559ec@example.com","2026-05-22T10:26:32.248905Z","2026-05-22T10:26:32.736239Z","2026-05-22T10:26:32.252227Z","email","guest","Demo Camper","rv_32978e681a28434a8f"
"9b9c0d3a-4384-4147-b09c-e00a412868d0","quickcheckin-18adfc48e231@example.com","2026-05-22T10:26:22.44288Z","2026-05-22T10:26:23.152287Z","2026-05-22T10:26:22.460336Z","email","guest","Demo Camper","rv_9b9c0d3a43844147b0"
"a5a68aa1-bceb-40a3-84b0-5e5b4cc8a1cd","quickcheckin-325ced8ede33@example.com","2026-05-22T10:25:51.966401Z","2026-05-22T10:25:52.48106Z","2026-05-22T10:25:51.972883Z","email","guest","Demo Camper","rv_a5a68aa1bceb40a384"
"79ad5544-349a-481f-9e05-78d92da01f1c","quickcheckin-f36c789a13e5@example.com","2026-05-22T10:25:51.87201Z","2026-05-22T10:25:52.427329Z","2026-05-22T10:25:51.900586Z","email","guest","Demo Camper","rv_79ad5544349a481f9e"
"826ae8e8-1626-4520-bf30-abec7d52e6eb","quickcheckin-2cf7806f6709@example.com","2026-05-22T10:25:25.224017Z","2026-05-22T10:25:26.302937Z","2026-05-22T10:25:25.310583Z","email","guest","Demo Camper","rv_826ae8e816264520bf"
"323d87d4-5547-4792-8c54-77a43484ef61","quickcheckin-c592f50e31a7@example.com","2026-05-22T10:25:25.216186Z","2026-05-22T10:25:26.302268Z","2026-05-22T10:25:25.310259Z","email","guest","Demo Camper","rv_323d87d4554747928c"
"30db5231-6fa2-413b-8c28-03b239cf6fe8","quickcheckin-c1bb581c8b96@example.com","2026-05-22T02:01:22.881716Z","2026-05-22T02:01:23.239071Z","2026-05-22T02:01:22.998024Z","email","guest","Demo Camper","rv_30db52316fa2413b8c"
"94d5aac5-479e-4e2e-8508-18b41a62560c","quickcheckin-a0e98664db14@example.com","2026-05-22T02:00:53.467758Z","2026-05-22T02:00:53.739521Z","2026-05-22T02:00:53.472138Z","email","guest","Demo Camper","rv_94d5aac5479e4e2e85"
"00ab1232-cb14-4c0b-9e5d-7037a1d88e9d","quickcheckin-35fccde99da0@example.com","2026-05-22T02:00:28.45693Z","2026-05-22T02:00:28.726869Z","2026-05-22T02:00:28.462634Z","email","guest","Demo Camper","rv_00ab1232cb144c0b9e"
"d44ac3fa-f322-4cde-abdc-d6196ef3e643","quickcheckin-eac22c28af22@example.com","2026-05-22T02:00:16.067133Z","2026-05-22T02:00:16.435778Z","2026-05-22T02:00:16.123898Z","email","guest","Demo Camper","rv_d44ac3faf3224cdeab"
"0e9bc190-4d7c-4bde-b107-ee9c14eb9c17","quickcheckin-428d15603fbe@example.com","2026-05-22T01:59:58.63538Z","2026-05-22T01:59:58.884612Z","2026-05-22T01:59:58.64098Z","email","guest","Demo Camper","rv_0e9bc1904d7c4bdeb1"
"b6da839f-a045-449d-af96-d0f356344b47","quickcheckin-470c9c91b15f@example.com","2026-05-22T01:59:58.592169Z","2026-05-22T01:59:58.885729Z","2026-05-22T01:59:58.625496Z","email","guest","Demo Camper","rv_b6da839fa045449daf"
"f1f39d46-4a20-4d29-980e-9e2df1da712e","quickcheckin-ea27e0f89206@example.com","2026-05-22T01:59:43.353814Z","2026-05-22T01:59:43.589459Z","2026-05-22T01:59:43.356686Z","email","guest","Demo Camper","rv_f1f39d464a204d2998"
"ce4d7897-311e-48ef-9569-0cf9982cabe8","quickcheckin-e55f6e978fae@example.com","2026-05-22T01:59:37.935364Z","2026-05-22T01:59:38.273133Z","2026-05-22T01:59:38.028587Z","email","guest","Demo Camper","rv_ce4d7897311e48ef95"
"20af8e1f-5d96-417c-ae2c-81bae50ef208","quickcheckin-3e889bc0266c@example.com","2026-05-22T01:59:29.839692Z","2026-05-22T01:59:30.065589Z","2026-05-22T01:59:29.842578Z","email","guest","Demo Camper","rv_20af8e1f5d96417cae"
"88bdf2a4-003f-4784-aebb-2bb699a4b07c","quickcheckin-daa0363bf981@example.com","2026-05-22T01:59:22.627455Z","2026-05-22T01:59:22.901323Z","2026-05-22T01:59:22.648792Z","email","guest","Demo Camper","rv_88bdf2a4003f4784ae"
"2db33606-850e-439e-97ba-1fc2d9921df4","quickcheckin-93a28c3bc981@example.com","2026-05-22T01:59:11.069417Z","2026-05-22T01:59:11.371909Z","2026-05-22T01:59:11.096419Z","email","guest","Demo Camper","rv_2db33606850e439e97"
"c13bc6f3-0d1f-4ef8-9131-0d37477b168e","quickcheckin-2af825202f8d@example.com","2026-05-22T01:58:52.632735Z","2026-05-22T01:58:52.858105Z","2026-05-22T01:58:52.635652Z","email","guest","Demo Camper","rv_c13bc6f30d1f4ef891"
"ef18b8da-30c1-41a3-9568-b477d14fff96","quickcheckin-528ac9b0ff24@example.com","2026-05-22T01:58:36.294072Z","2026-05-22T01:58:36.504887Z","2026-05-22T01:58:36.296603Z","email","guest","Demo Camper","rv_ef18b8da30c141a395"
"e1f46fbb-b155-4d5b-a6eb-5215f00bea9b","quickcheckin-6609e20f47f5@example.com","2026-05-22T01:58:34.732626Z","2026-05-22T01:58:34.939768Z","2026-05-22T01:58:34.735614Z","email","guest","Demo Camper","rv_e1f46fbbb1554d5ba6"
"87c4f166-1fa4-4d49-8c30-dba5737449d2","quickcheckin-b5235e29cb61@example.com","2026-05-22T01:58:33.111203Z","2026-05-22T01:58:33.323302Z","2026-05-22T01:58:33.114187Z","email","guest","Demo Camper","rv_87c4f1661fa44d498c"
"d6909f98-a640-458e-8587-4db0c34ed255","quickcheckin-3da622f05f31@example.com","2026-05-22T01:58:21.463062Z","2026-05-22T01:58:21.659372Z","2026-05-22T01:58:21.466523Z","email","guest","Demo Camper","rv_d6909f98a640458e85"
"4a58d6fe-ed55-4de8-b3f2-183717b804e8","quickcheckin-7447400ad0db@example.com","2026-05-22T01:58:11.429053Z","2026-05-22T01:58:11.667003Z","2026-05-22T01:58:11.457995Z","email","guest","Demo Camper","rv_4a58d6feed554de8b3"
"da2d1cdf-a394-4aab-8f78-4c5642670944","quickcheckin-b7d00ae75584@example.com","2026-05-22T01:57:49.151063Z","2026-05-22T01:57:49.435543Z","2026-05-22T01:57:49.156674Z","email","guest","Demo Camper","rv_da2d1cdfa3944aab8f"
"b174cd1f-2613-4e72-8349-146248a1cea5","quickcheckin-7a0de6978077@example.com","2026-05-22T01:57:49.096316Z","2026-05-22T01:57:49.29314Z","2026-05-22T01:57:49.099716Z","email","guest","Demo Camper","rv_b174cd1f26134e7283"
"7b55478f-cc66-45d7-9c8a-cc393dddad97","quickcheckin-6394acf1383d@example.com","2026-05-22T01:57:33.842026Z","2026-05-22T01:57:34.076877Z","2026-05-22T01:57:33.870092Z","email","guest","Demo Camper","rv_7b55478fcc6645d79c"
"27c36175-ca6f-432b-8406-1930515e49d8","quickcheckin-e3daea60e026@example.com","2026-05-22T01:57:12.655939Z","2026-05-22T01:57:12.889511Z","2026-05-22T01:57:12.658882Z","email","guest","Demo Camper","rv_27c36175ca6f432b84"
"de287e50-3179-4dd1-9a07-8b1a7d9be3bd","quickcheckin-a08c78aec57f@example.com","2026-05-22T01:57:07.543841Z","2026-05-22T01:57:07.772257Z","2026-05-22T01:57:07.54958Z","email","guest","Demo Camper","rv_de287e5031794dd19a"
"639ff6d5-a84a-4702-94a3-d374a203baa4","quickcheckin-cae695579f14@example.com","2026-05-22T01:56:57.31898Z","2026-05-22T01:56:57.556465Z","2026-05-22T01:56:57.347479Z","email","guest","Demo Camper","rv_639ff6d5a84a470294"
"e813977b-2434-4669-905f-514dba2165ca","quickcheckin-15097927a95b@example.com","2026-05-22T01:56:49.667384Z","2026-05-22T01:56:49.867865Z","2026-05-22T01:56:49.671981Z","email","guest","Demo Camper","rv_e813977b2434466990"
"0613005a-448f-4a80-b352-a203d6931264","quickcheckin-4555c3998e05@example.com","2026-05-22T01:56:44.808689Z","2026-05-22T01:56:45.028891Z","2026-05-22T01:56:44.816353Z","email","guest","Demo Camper","rv_0613005a448f4a80b3"
"196de31f-9911-41e7-9357-a3a14a32cad9","quickcheckin-82f749d4f54d@example.com","2026-05-22T01:56:33.888026Z","2026-05-22T01:56:34.135751Z","2026-05-22T01:56:33.891967Z","email","guest","Demo Camper","rv_196de31f991141e793"
"1c2635d5-28a0-4fab-9876-011503544df6","quickcheckin-0c0dfb9ea0cd@example.com","2026-05-22T01:56:26.790423Z","2026-05-22T01:56:27.095697Z","2026-05-22T01:56:26.793456Z","email","guest","Demo Camper","rv_1c2635d528a04fab98"
"a86d1b62-8d0d-4628-b7f5-9b88865bb23b","quickcheckin-cc8873d52be7@example.com","2026-05-22T01:56:24.347818Z","2026-05-22T01:56:24.59459Z","2026-05-22T01:56:24.353267Z","email","guest","Demo Camper","rv_a86d1b628d0d4628b7"
"48f66377-87fd-4cc2-bd62-0638daa3eb58","quickcheckin-a74f2ee7c6d7@example.com","2026-05-22T01:56:14.893949Z","2026-05-22T01:56:15.108339Z","2026-05-22T01:56:14.903628Z","email","guest","Demo Camper","rv_48f6637787fd4cc2bd"
"8fa429a6-d449-455b-9198-1df24d7b3a85","quickcheckin-cf660cc5a5eb@example.com","2026-05-22T01:56:12.566069Z","2026-05-22T01:56:12.79602Z","2026-05-22T01:56:12.575604Z","email","guest","Demo Camper","rv_8fa429a6d449455b91"
"11ffe3de-f988-4ae6-a19e-eaecc785bfd3","quickcheckin-6fbb8aa5ba26@example.com","2026-05-22T01:56:03.539974Z","2026-05-22T01:56:03.771415Z","2026-05-22T01:56:03.543828Z","email","guest","Demo Camper","rv_11ffe3def9884ae6a1"
"7dad3888-3dcd-42f3-bcb6-8f03d6711b8c","quickcheckin-6ca9c9e4cc36@example.com","2026-05-22T01:56:02.600733Z","2026-05-22T01:56:02.834978Z","2026-05-22T01:56:02.606375Z","email","guest","Demo Camper","rv_7dad38883dcd42f3bc"
"18688ac6-b9a5-47e9-a22d-383f0d5c1911","quickcheckin-ded760ecea54@example.com","2026-05-22T01:55:57.506272Z","2026-05-22T01:55:57.846093Z","2026-05-22T01:55:57.629039Z","email","guest","Demo Camper","rv_18688ac6b9a547e9a2"
"dfb20264-3259-4d89-ba15-0eead4453d79","quickcheckin-69691f36e885@example.com","2026-05-22T01:55:53.113571Z","2026-05-22T01:55:53.362736Z","2026-05-22T01:55:53.117257Z","email","guest","Demo Camper","rv_dfb2026432594d89ba"
"fd20c22a-5e55-4bb1-9317-de261145ba92","quickcheckin-4a5c199e778e@example.com","2026-05-22T01:55:47.077144Z","2026-05-22T01:55:47.299873Z","2026-05-22T01:55:47.086619Z","email","guest","Demo Camper","rv_fd20c22a5e554bb193"
"4f4e62ff-caf3-4d84-96d1-ad7c60046237","quickcheckin-cb6054f8a810@example.com","2026-05-22T01:55:36.930954Z","2026-05-22T01:55:37.168421Z","2026-05-22T01:55:36.938133Z","email","guest","Demo Camper","rv_4f4e62ffcaf34d8496"
"377a09b2-fdf7-4559-b44b-a568753592c2","quickcheckin-86d066e8c341@example.com","2026-05-22T01:55:36.483678Z","2026-05-22T01:55:36.687445Z","2026-05-22T01:55:36.494166Z","email","guest","Demo Camper","rv_377a09b2fdf74559b4"
"4563e838-4c5e-4283-a48c-c1b3f335bc2e","quickcheckin-2b8c048cb073@example.com","2026-05-22T01:55:21.268415Z","2026-05-22T01:55:21.496798Z","2026-05-22T01:55:21.273771Z","email","guest","Demo Camper","rv_4563e8384c5e4283a4"
"b7252dc0-b3a5-4f1f-9b2c-17a36879d6c3","quickcheckin-fef6e0f82eb4@example.com","2026-05-22T01:55:18.543196Z","2026-05-22T01:55:19.081433Z","2026-05-22T01:55:18.73141Z","email","guest","Demo Camper","rv_b7252dc0b3a54f1f9b"
"cfb9e724-b9cc-4d67-bf66-097ecf0bb219","quickcheckin-ff63769b280a@example.com","2026-05-22T01:55:18.542721Z","2026-05-22T01:55:19.08132Z","2026-05-22T01:55:18.731747Z","email","guest","Demo Camper","rv_cfb9e724b9cc4d67bf"
"42090933-d0d7-4d43-9c7d-71c9d53e7081","quickcheckin-bca164344213@example.com","2026-05-22T01:52:55.717651Z","2026-05-22T01:52:55.97603Z","2026-05-22T01:52:55.727801Z","email","guest","Demo Camper","rv_42090933d0d74d439c"
"adb95b09-dbb1-4ccd-9fb4-7287b6482d5d","quickcheckin-4e9b052a9fbe@example.com","2026-05-22T01:52:40.887814Z","2026-05-22T01:52:41.158122Z","2026-05-22T01:52:40.936051Z","email","guest","Demo Camper","rv_adb95b09dbb14ccd9f"
"2c153f02-066e-4d2d-bce1-e42f5dbd5a03","quickcheckin-81de3a0c594c@example.com","2026-05-22T01:52:15.063187Z","2026-05-22T01:52:15.323336Z","2026-05-22T01:52:15.0828Z","email","guest","Demo Camper","rv_2c153f02066e4d2dbc"
"9f148115-0333-4455-9137-a39740a71689","quickcheckin-e0b6883142cc@example.com","2026-05-22T01:52:03.945729Z","2026-05-22T01:52:04.370669Z","2026-05-22T01:52:03.964576Z","email","guest","Demo Camper","rv_9f1481150333445591"
"e084b08a-a976-4354-ae00-45f00422a39d","quickcheckin-6759db427d7e@example.com","2026-05-22T01:51:57.462997Z","2026-05-22T01:51:57.787695Z","2026-05-22T01:51:57.484189Z","email","guest","Demo Camper","rv_e084b08aa9764354ae"
"ab1d1397-546d-4ef5-8017-984cfa194a09","quickcheckin-df0e40f6ecc5@example.com","2026-05-22T01:51:49.630219Z","2026-05-22T01:51:49.862097Z","2026-05-22T01:51:49.63509Z","email","guest","Demo Camper","rv_ab1d1397546d4ef580"
"e0a37420-82b9-4212-b054-06737457fafa","quickcheckin-37e2cffb0a3a@example.com","2026-05-22T01:51:39.176507Z","2026-05-22T01:51:39.419727Z","2026-05-22T01:51:39.185103Z","email","guest","Demo Camper","rv_e0a3742082b94212b0"
"a9702a14-5877-4c04-a799-02495de6c995","quickcheckin-fc3842cebbf9@example.com","2026-05-22T01:51:37.235788Z","2026-05-22T01:51:37.491141Z","2026-05-22T01:51:37.24733Z","email","guest","Demo Camper","rv_a9702a1458774c04a7"
"1dd205d2-958c-4e88-b98f-76393efe2688","quickcheckin-9801b9369b7f@example.com","2026-05-22T01:51:29.185188Z","2026-05-22T01:51:29.404401Z","2026-05-22T01:51:29.188347Z","email","guest","Demo Camper","rv_1dd205d2958c4e88b9"
"5550fcb3-3ffb-4e54-a538-50042ecb2da8","quickcheckin-8b8e1bdcde6f@example.com","2026-05-22T01:51:21.03258Z","2026-05-22T01:51:21.301246Z","2026-05-22T01:51:21.070971Z","email","guest","Demo Camper","rv_5550fcb33ffb4e54a5"
"19ad6f30-4ec9-49f8-914e-d28870770eb6","quickcheckin-8c8749e5e9cf@example.com","2026-05-22T01:51:03.411491Z","2026-05-22T01:51:03.705263Z","2026-05-22T01:51:03.443807Z","email","guest","Demo Camper","rv_19ad6f304ec949f891"
"d54219be-ec45-46fc-b4ec-a85992bb6c15","quickcheckin-b116d1db0277@example.com","2026-05-22T01:50:47.859897Z","2026-05-22T01:50:48.159065Z","2026-05-22T01:50:47.894909Z","email","guest","Demo Camper","rv_d54219beec4546fcb4"
"2e332d44-e81a-4805-baec-d71700e8a0a4","quickcheckin-015b897a35c7@example.com","2026-05-22T01:50:28.94904Z","2026-05-22T01:50:29.172591Z","2026-05-22T01:50:28.96507Z","email","guest","Demo Camper","rv_2e332d44e81a4805ba"
"7f319555-a589-45f4-8edd-331061f2d412","quickcheckin-b3e54c2ce4f7@example.com","2026-05-22T01:50:26.739235Z","2026-05-22T01:50:26.992086Z","2026-05-22T01:50:26.742213Z","email","guest","Demo Camper","rv_7f319555a58945f48e"
"b8c5e961-dc89-4167-9a8c-93753f1ea959","quickcheckin-5a6c13376c29@example.com","2026-05-22T01:50:23.808063Z","2026-05-22T01:50:24.04715Z","2026-05-22T01:50:23.813257Z","email","guest","Demo Camper","rv_b8c5e961dc8941679a"
"48ed40e9-9799-4426-8913-443137aa0931","quickcheckin-5bacc7493aea@example.com","2026-05-22T01:50:11.823539Z","2026-05-22T01:50:12.083189Z","2026-05-22T01:50:11.859452Z","email","guest","Demo Camper","rv_48ed40e99799442689"
"4a8e9513-8a57-4f3a-bbf0-47bfa9018f9a","quickcheckin-7133f37de48c@example.com","2026-05-22T01:50:01.298053Z","2026-05-22T01:50:01.620448Z","2026-05-22T01:50:01.364334Z","email","guest","Demo Camper","rv_4a8e95138a574f3abb"
"8c92d024-e46a-4870-96cc-2594e25fd738","quickcheckin-fc30ca3a155b@example.com","2026-05-22T01:49:41.615264Z","2026-05-22T01:49:41.871328Z","2026-05-22T01:49:41.648108Z","email","guest","Demo Camper","rv_8c92d024e46a487096"
"4218861a-cf99-4eb4-be44-b59a4d451066","quickcheckin-15adfed31825@example.com","2026-05-22T01:49:40.450823Z","2026-05-22T01:49:40.658285Z","2026-05-22T01:49:40.454328Z","email","guest","Demo Camper","rv_4218861acf994eb4be"
"ccc19e94-85c6-4beb-b5cc-53c0e4751650","quickcheckin-2d9573ea18e8@example.com","2026-05-22T01:49:28.595925Z","2026-05-22T01:49:28.894362Z","2026-05-22T01:49:28.636749Z","email","guest","Demo Camper","rv_ccc19e9485c64bebb5"
"db3e4cf4-213c-41d0-896a-8feede6dcbc9","quickcheckin-3bf27847c766@example.com","2026-05-22T01:49:02.545734Z","2026-05-22T01:49:02.772756Z","2026-05-22T01:49:02.55172Z","email","guest","Demo Camper","rv_db3e4cf4213c41d089"
"db6e9b43-3003-4d60-816f-c4b152cda821","quickcheckin-fb7d6d294984@example.com","2026-05-22T01:48:58.641973Z","2026-05-22T01:48:58.894517Z","2026-05-22T01:48:58.662921Z","email","guest","Demo Camper","rv_db6e9b4330034d6081"
"2ea0b33c-33af-4cd4-9fcd-7bbe5afbbd72","quickcheckin-de26e5dfd5e6@example.com","2026-05-22T01:48:46.021419Z","2026-05-22T01:48:46.23833Z","2026-05-22T01:48:46.024652Z","email","guest","Demo Camper","rv_2ea0b33c33af4cd49f"
"0009f82d-5a1b-48bf-9524-1d9307171e86","quickcheckin-15cbca2434d5@example.com","2026-05-22T01:48:39.925439Z","2026-05-22T01:48:40.135605Z","2026-05-22T01:48:39.930697Z","email","guest","Demo Camper","rv_0009f82d5a1b48bf95"
"d44da42d-2b88-4ff5-92e8-df4250d71cc7","quickcheckin-db330ac3f09b@example.com","2026-05-22T01:48:36.305408Z","2026-05-22T01:48:36.566763Z","2026-05-22T01:48:36.345921Z","email","guest","Demo Camper","rv_d44da42d2b884ff592"
"6bf15d08-cb33-4c88-a467-66b160679b7d","quickcheckin-7c9e2486934b@example.com","2026-05-22T01:48:34.480843Z","2026-05-22T01:48:34.706398Z","2026-05-22T01:48:34.48515Z","email","guest","Demo Camper","rv_6bf15d08cb334c88a4"
"96131eb2-e918-48ab-9c60-79b95859eda2","quickcheckin-d57c38f85285@example.com","2026-05-22T01:48:28.942939Z","2026-05-22T01:48:29.145947Z","2026-05-22T01:48:28.948706Z","email","guest","Demo Camper","rv_96131eb2e91848ab9c"
"95d63c51-31d2-46e6-a767-4a50a453c418","quickcheckin-ecbd4f6dc26b@example.com","2026-05-22T01:48:16.575339Z","2026-05-22T01:48:16.805896Z","2026-05-22T01:48:16.58005Z","email","guest","Demo Camper","rv_95d63c5131d246e6a7"
"cf965fa8-a25c-4c59-8af7-1e054e3381fc","quickcheckin-abaae0fe5e70@example.com","2026-05-22T01:48:16.012326Z","2026-05-22T01:48:16.261798Z","2026-05-22T01:48:16.019475Z","email","guest","Demo Camper","rv_cf965fa8a25c4c598a"
"9ff8992a-90ea-448e-a48e-fdec50e034a2","quickcheckin-2a51f75a837a@example.com","2026-05-22T01:48:09.509143Z","2026-05-22T01:48:09.709579Z","2026-05-22T01:48:09.512942Z","email","guest","Demo Camper","rv_9ff8992a90ea448ea4"
"e1fe77db-641f-4ab9-892f-c7003f5ade91","quickcheckin-567d2a70a44a@example.com","2026-05-22T01:48:04.53577Z","2026-05-22T01:48:04.765985Z","2026-05-22T01:48:04.541025Z","email","guest","Demo Camper","rv_e1fe77db641f4ab989"
"9911de5b-b9a5-4407-a1b5-0d2a0f84422b","quickcheckin-1fb17ccc22eb@example.com","2026-05-22T01:47:59.907497Z","2026-05-22T01:48:00.128897Z","2026-05-22T01:47:59.945467Z","email","guest","Demo Camper","rv_9911de5bb9a54407a1"
"731adbb5-08c8-47b0-a01c-9dcb7f79d6b9","quickcheckin-a2a145d7fee9@example.com","2026-05-22T01:47:56.739196Z","2026-05-22T01:47:57.015438Z","2026-05-22T01:47:56.76627Z","email","guest","Demo Camper","rv_731adbb508c847b0a0"
"eb957e8e-924f-4a32-b71d-00574d392555","quickcheckin-402d2ff48c82@example.com","2026-05-22T01:47:49.169694Z","2026-05-22T01:47:49.371035Z","2026-05-22T01:47:49.172783Z","email","guest","Demo Camper","rv_eb957e8e924f4a32b7"
"a29e542d-d83d-4c6b-9adf-916a68cc388b","quickcheckin-f7a41519e565@example.com","2026-05-22T01:47:43.109794Z","2026-05-22T01:47:43.299411Z","2026-05-22T01:47:43.112875Z","email","guest","Demo Camper","rv_a29e542dd83d4c6b9a"
"d93f944a-e124-40d7-89b7-23c96027fd43","quickcheckin-b41433c02b85@example.com","2026-05-22T01:47:39.252465Z","2026-05-22T01:47:39.455191Z","2026-05-22T01:47:39.257246Z","email","guest","Demo Camper","rv_d93f944ae12440d789"
"5636268e-0e43-4d5c-9832-a625e33e24d4","quickcheckin-45c758c3994a@example.com","2026-05-22T01:47:38.726383Z","2026-05-22T01:47:38.936258Z","2026-05-22T01:47:38.741009Z","email","guest","Demo Camper","rv_5636268e0e434d5c98"
"2ece3127-dfdf-476f-a0d8-dd779f35f345","quickcheckin-3568c27bd9af@example.com","2026-05-22T01:47:21.662943Z","2026-05-22T01:47:21.87677Z","2026-05-22T01:47:21.666484Z","email","guest","Demo Camper","rv_2ece3127dfdf476fa0"
"8f39f9f9-2965-4c13-9bec-21b35d14e2ab","quickcheckin-4ae8c4f4cfb5@example.com","2026-05-22T01:47:21.038185Z","2026-05-22T01:47:21.403814Z","2026-05-22T01:47:21.130154Z","email","guest","Demo Camper","rv_8f39f9f929654c139b"
"11b78081-95e8-4689-becb-ca42d32b2f5d","quickcheckin-a9264c289844@example.com","2026-05-22T01:47:21.038146Z","2026-05-22T01:47:21.37279Z","2026-05-22T01:47:21.129722Z","email","guest","Demo Camper","rv_11b7808195e84689be"
"fd140e6b-2d67-45a6-82a6-7cc40001e982","quickcheckin-60231fba22af@example.com","2026-05-22T01:44:10.898811Z","2026-05-22T01:44:11.153109Z","2026-05-22T01:44:10.903946Z","email","guest","Demo Camper","rv_fd140e6b2d6745a682"
"191afbc8-ef2e-4a7c-9baf-97bd71f1ccc9","quickcheckin-1886c603f7e8@example.com","2026-05-22T01:43:56.8385Z","2026-05-22T01:43:57.180347Z","2026-05-22T01:43:56.889163Z","email","guest","Demo Camper","rv_191afbc8ef2e4a7c9b"
"58bc37d9-bf20-4593-9060-83496425e56c","quickcheckin-1fb4f1564bb0@example.com","2026-05-22T01:43:51.999898Z","2026-05-22T01:43:52.255864Z","2026-05-22T01:43:52.003029Z","email","guest","Demo Camper","rv_58bc37d9bf20459390"
"a9b99d42-9d31-4e26-982f-2b6c9095325d","quickcheckin-211bdb632ac5@example.com","2026-05-22T01:43:38.892984Z","2026-05-22T01:43:39.249217Z","2026-05-22T01:43:38.981841Z","email","guest","Demo Camper","rv_a9b99d429d314e2698"
"73d7c31e-ffd8-444d-a630-138d01356f0f","quickcheckin-b0307091aede@example.com","2026-05-22T01:43:22.909175Z","2026-05-22T01:43:23.17589Z","2026-05-22T01:43:22.91812Z","email","guest","Demo Camper","rv_73d7c31effd8444da6"
"d6a35a97-95bf-4f5c-994a-63a55e5c16f3","quickcheckin-a09eecaca7f6@example.com","2026-05-22T01:43:22.528219Z","2026-05-22T01:43:22.948815Z","2026-05-22T01:43:22.6633Z","email","guest","Demo Camper","rv_d6a35a9795bf4f5c99"
"419cf2a6-dc3a-4851-bc29-118696344134","quickcheckin-15718eb42cf5@example.com","2026-05-22T01:43:02.546677Z","2026-05-22T01:43:03.239375Z","2026-05-22T01:43:02.65783Z","email","guest","Demo Camper","rv_419cf2a6dc3a4851bc"
"70d0c254-39d6-4624-9078-c934b0ee58f8","quickcheckin-0d78f32d2545@example.com","2026-05-22T01:42:50.169823Z","2026-05-22T01:42:50.516872Z","2026-05-22T01:42:50.229362Z","email","guest","Demo Camper","rv_70d0c25439d6462490"
"e4c12c68-8a32-4221-857d-f10b2bed836b","quickcheckin-36a678925fd6@example.com","2026-05-22T01:42:23.306616Z","2026-05-22T01:42:23.548034Z","2026-05-22T01:42:23.314355Z","email","guest","Demo Camper","rv_e4c12c688a32422185"
"05d6d43e-e414-48c9-bae8-cdc53f8aa8b0","quickcheckin-36e90764da82@example.com","2026-05-22T01:42:23.087128Z","2026-05-22T01:42:23.39549Z","2026-05-22T01:42:23.094141Z","email","guest","Demo Camper","rv_05d6d43ee41448c9ba"
"859b3c42-f8f8-4350-b7dd-c74c420275ed","quickcheckin-13b5815c5fa8@example.com","2026-05-22T01:42:10.177504Z","2026-05-22T01:42:10.446357Z","2026-05-22T01:42:10.180865Z","email","guest","Demo Camper","rv_859b3c42f8f84350b7"
"0b4fc3db-49c9-43f7-9bdd-453d48ae5232","quickcheckin-1142cebc0775@example.com","2026-05-22T01:42:09.729069Z","2026-05-22T01:42:10.016772Z","2026-05-22T01:42:09.745179Z","email","guest","Demo Camper","rv_0b4fc3db49c943f79b"
"100178de-94b9-465a-a67b-f9933f2f8dc9","quickcheckin-e0908336eb7b@example.com","2026-05-22T01:41:41.956672Z","2026-05-22T01:41:42.186163Z","2026-05-22T01:41:41.959206Z","email","guest","Demo Camper","rv_100178de94b9465aa6"
"a4f14f1f-1204-487f-b7f8-eb1d435a39a4","quickcheckin-018a563c167b@example.com","2026-05-22T01:41:35.847464Z","2026-05-22T01:41:36.060993Z","2026-05-22T01:41:35.850488Z","email","guest","Demo Camper","rv_a4f14f1f1204487fb7"
"0d53a2c3-de5f-42b0-9dd3-7c4a39f44f7c","quickcheckin-df429f7c20c8@example.com","2026-05-22T01:41:35.699844Z","2026-05-22T01:41:35.923966Z","2026-05-22T01:41:35.709508Z","email","guest","Demo Camper","rv_0d53a2c3de5f42b09d"
"7c7d3e71-58c9-484d-b03f-83915f9c4a4a","quickcheckin-49f6a3d9173a@example.com","2026-05-22T01:41:29.924712Z","2026-05-22T01:41:30.130302Z","2026-05-22T01:41:29.927513Z","email","guest","Demo Camper","rv_7c7d3e7158c9484db0"
"fe69ac40-e6f7-40e3-b695-ddd9a9d3e41c","quickcheckin-1f1995f220f0@example.com","2026-05-22T01:41:27.007287Z","2026-05-22T01:41:27.25572Z","2026-05-22T01:41:27.011012Z","email","guest","Demo Camper","rv_fe69ac40e6f740e3b6"
"7856c36f-af75-4180-ae40-97a09a0057ed","quickcheckin-8c352bcfde3e@example.com","2026-05-22T01:41:20.186902Z","2026-05-22T01:41:20.42122Z","2026-05-22T01:41:20.189625Z","email","guest","Demo Camper","rv_7856c36faf754180ae"
"5131f826-c34b-4848-b43f-8f600addd966","quickcheckin-575ee6377c50@example.com","2026-05-22T01:41:20.139505Z","2026-05-22T01:41:20.390933Z","2026-05-22T01:41:20.169025Z","email","guest","Demo Camper","rv_5131f826c34b4848b4"
"d05a794f-4a3f-4d93-b6a8-c4ebb92f076f","quickcheckin-a404171be724@example.com","2026-05-22T01:41:14.555428Z","2026-05-22T01:41:14.828601Z","2026-05-22T01:41:14.568444Z","email","guest","Demo Camper","rv_d05a794f4a3f4d93b6"
"ccce9e85-3057-43f9-a105-5018b9ed2cee","quickcheckin-190d2f80c52b@example.com","2026-05-22T01:40:59.257399Z","2026-05-22T01:40:59.557152Z","2026-05-22T01:40:59.26302Z","email","guest","Demo Camper","rv_ccce9e85305743f9a1"
"fb08a405-d559-4231-8e1f-6203278b2a35","quickcheckin-2399b1f63f2c@example.com","2026-05-22T01:40:59.254836Z","2026-05-22T01:40:59.543501Z","2026-05-22T01:40:59.262355Z","email","guest","Demo Camper","rv_fb08a405d55942318e"
"dc2819b3-4d80-41be-a214-a0170c57b9e9","quickcheckin-f7f1da42976b@example.com","2026-05-22T01:40:59.154808Z","2026-05-22T01:40:59.42984Z","2026-05-22T01:40:59.162711Z","email","guest","Demo Camper","rv_dc2819b34d8041bea2"
"732260fd-5d24-4805-8ef3-111075d54544","quickcheckin-a7cb394c6edd@example.com","2026-05-22T01:40:58.245579Z","2026-05-22T01:40:58.486433Z","2026-05-22T01:40:58.273419Z","email","guest","Demo Camper","rv_732260fd5d2448058e"
"5395c16c-3489-47c3-9065-716b6114acc3","quickcheckin-a77e046081ad@example.com","2026-05-22T01:39:46.460493Z","2026-05-22T01:39:46.699594Z","2026-05-22T01:39:46.47318Z","email","guest","Demo Camper","rv_5395c16c348947c390"
"489253ca-4e6d-40ca-9182-d6e621fcfd77","quickcheckin-eb64a7212fb8@example.com","2026-05-22T01:38:36.405675Z","2026-05-22T01:38:36.834754Z","2026-05-22T01:38:36.469407Z","email","guest","Demo Camper","rv_489253ca4e6d40ca91"
"4cd22d5e-4880-4a35-80be-8d5550272e85","quickcheckin-8b315c4d082d@example.com","2026-05-22T01:33:47.669302Z","2026-05-22T01:33:48.341069Z","2026-05-22T01:33:47.683882Z","email","guest","Demo Camper","rv_4cd22d5e48804a3580"
"48565520-cc62-484a-8e8f-82ef60f8981e","quickcheckin-a66d37e44ccf@example.com","2026-05-22T01:33:34.799938Z","2026-05-22T01:33:35.492773Z","2026-05-22T01:33:34.802881Z","email","guest","Demo Camper","rv_48565520cc62484a8e"
"61fb84a7-b1c7-4aae-ad9e-a8a25d539257","quickcheckin-167ddd762764@example.com","2026-05-22T01:33:19.516308Z","2026-05-22T01:33:20.321758Z","2026-05-22T01:33:19.525571Z","email","guest","Demo Camper","rv_61fb84a7b1c74aaead"
"dda577d6-d271-447d-abd6-672891dc625e","quickcheckin-4b3aac09ca7b@example.com","2026-05-22T01:33:16.48595Z","2026-05-22T01:33:17.200855Z","2026-05-22T01:33:16.489028Z","email","guest","Demo Camper","rv_dda577d6d271447dab"
"d2eea1ef-137e-4d08-86ae-b586b3bd363f","quickcheckin-31f187e3dde8@example.com","2026-05-22T01:33:08.884468Z","2026-05-22T01:33:09.437554Z","2026-05-22T01:33:08.888812Z","email","guest","Demo Camper","rv_d2eea1ef137e4d0886"
"54561b4c-84ac-4adf-a453-fb9934cb5118","quickcheckin-ae02531b480a@example.com","2026-05-22T01:33:02.696525Z","2026-05-22T01:33:03.298409Z","2026-05-22T01:33:02.716219Z","email","guest","Demo Camper","rv_54561b4c84ac4adfa4"
"24602a0f-b04d-4599-bf36-0ef554d2179f","quickcheckin-90e5390d43de@example.com","2026-05-22T01:32:52.274127Z","2026-05-22T01:32:52.94806Z","2026-05-22T01:32:52.283415Z","email","guest","Demo Camper","rv_24602a0fb04d4599bf"
"77e4e406-6d19-41a5-8737-2f73ec1a4eee","quickcheckin-0690763865bb@example.com","2026-05-22T01:32:50.328474Z","2026-05-22T01:32:51.31042Z","2026-05-22T01:32:50.337356Z","email","guest","Demo Camper","rv_77e4e4066d1941a587"
"7f25b7a4-30b5-4f62-850b-4f0d404ffc24","quickcheckin-9a2a6057f51f@example.com","2026-05-22T01:32:36.975425Z","2026-05-22T01:32:38.170595Z","2026-05-22T01:32:36.997571Z","email","guest","Demo Camper","rv_7f25b7a430b54f6285"
"8114b71e-1693-4b62-b922-6af7e400c316","quickcheckin-98294c8bf9cb@example.com","2026-05-22T01:32:17.736207Z","2026-05-22T01:32:18.995881Z","2026-05-22T01:32:17.755089Z","email","guest","Demo Camper","rv_8114b71e16934b62b9"
"e6353c9d-97e4-4b56-8344-e8ed20ae84e7","quickcheckin-5ae039142176@example.com","2026-05-22T01:31:55.280474Z","2026-05-22T01:31:56.378447Z","2026-05-22T01:31:55.347288Z","email","guest","Demo Camper","rv_e6353c9d97e44b5683"
"b55055f0-2f79-48cd-9f78-e4dad1c11010","quickcheckin-c7c014688919@example.com","2026-05-22T01:30:57.098506Z","2026-05-22T01:30:57.924218Z","2026-05-22T01:30:57.160123Z","email","guest","Demo Camper","rv_b55055f02f7948cd9f"
"66efcb61-a8af-46af-96b6-708b946c6de9","quickcheckin-1f02be791d80@example.com","2026-05-22T01:30:47.424236Z","2026-05-22T01:30:48.03071Z","2026-05-22T01:30:47.430252Z","email","guest","Demo Camper","rv_66efcb61a8af46af96"
"cde6507e-326b-4805-925a-c6b386e9ddd4","quickcheckin-8a4ed0306b91@example.com","2026-05-22T01:30:17.134011Z","2026-05-22T01:30:17.725873Z","2026-05-22T01:30:17.136742Z","email","guest","Demo Camper","rv_cde6507e326b480592"
"03020e65-dede-4a2e-a228-0ddcd74cca5f","quickcheckin-2740e235bd07@example.com","2026-05-22T01:30:06.88059Z","2026-05-22T01:30:07.428266Z","2026-05-22T01:30:06.886007Z","email","guest","Demo Camper","rv_03020e65dede4a2ea2"
"9fd884a7-be6e-4ce5-9297-c9f1cec49891","quickcheckin-9f6242f40f4a@example.com","2026-05-22T01:29:56.127199Z","2026-05-22T01:29:57.00829Z","2026-05-22T01:29:56.148741Z","email","guest","Demo Camper","rv_9fd884a7be6e4ce592"
"d8c1dfe4-a3cc-49ba-b9b6-6cc84e5239a8","quickcheckin-c4cee4775407@example.com","2026-05-22T01:29:36.00999Z","2026-05-22T01:29:36.802501Z","2026-05-22T01:29:36.017931Z","email","guest","Demo Camper","rv_d8c1dfe4a3cc49bab9"
"31a1574e-cb09-4763-8d44-b51be30e51cc","quickcheckin-8fb29a9608cb@example.com","2026-05-22T01:29:24.452017Z","2026-05-22T01:29:25.008062Z","2026-05-22T01:29:24.457605Z","email","guest","Demo Camper","rv_31a1574ecb0947638d"
"1bcdc34d-fe72-4a4f-8151-b6015f485bbf","quickcheckin-bf0c7c1fdf48@example.com","2026-05-22T01:29:16.055449Z","2026-05-22T01:29:16.969348Z","2026-05-22T01:29:16.073378Z","email","guest","Demo Camper","rv_1bcdc34dfe724a4f81"
"b8c68421-4640-4787-8e17-e96d9daf4474","quickcheckin-0d67fc7c9801@example.com","2026-05-22T01:28:46.622869Z","2026-05-22T01:28:47.245492Z","2026-05-22T01:28:46.628386Z","email","guest","Demo Camper","rv_b8c68421464047878e"
"55f6d31f-e355-48f2-9550-8dfecfdaa091","quickcheckin-9e59ad819e8d@example.com","2026-05-22T01:28:46.437075Z","2026-05-22T01:28:47.244599Z","2026-05-22T01:28:46.446687Z","email","guest","Demo Camper","rv_55f6d31fe35548f295"
"ed89c7d2-55ef-4cf3-aee5-93484b3379fa","quickcheckin-6139d085da83@example.com","2026-05-22T01:28:25.237947Z","2026-05-22T01:28:25.900737Z","2026-05-22T01:28:25.299802Z","email","guest","Demo Camper","rv_ed89c7d255ef4cf3ae"
"cb7420f1-a871-4e8b-8a26-fb426def0e11","quickcheckin-b3383710b671@example.com","2026-05-22T01:28:25.235511Z","2026-05-22T01:28:25.878971Z","2026-05-22T01:28:25.296193Z","email","guest","Demo Camper","rv_cb7420f1a8714e8b8a"
"0390c3cc-57c6-49e2-87ee-8ac0f06112c1","quickcheckin-0957f75fda39@example.com","2026-05-22T00:25:52.202972Z","2026-05-22T00:25:52.481801Z","2026-05-22T00:25:52.205844Z","email","guest","Demo Camper","rv_0390c3cc57c649e287"
"a4d13415-55a5-4dba-8a29-546cdd093337","quickcheckin-dd354288bc6d@example.com","2026-05-22T00:25:34.439509Z","2026-05-22T00:25:34.672335Z","2026-05-22T00:25:34.442457Z","email","guest","Demo Camper","rv_a4d1341555a54dba8a"
"9cc76550-082c-4fe2-bbf3-3ca7e425d18d","quickcheckin-f228c35ba442@example.com","2026-05-22T00:25:28.791901Z","2026-05-22T00:25:29.038297Z","2026-05-22T00:25:28.798234Z","email","guest","Demo Camper","rv_9cc76550082c4fe2bb"
"f53c7e16-a40e-4e0f-9061-716d86289f4a","quickcheckin-8891e7da64e7@example.com","2026-05-22T00:25:14.361384Z","2026-05-22T00:25:14.622047Z","2026-05-22T00:25:14.374237Z","email","guest","Demo Camper","rv_f53c7e16a40e4e0f90"
"4f576195-27bb-4261-9160-edb0f178a66d","quickcheckin-f411f6e32d8b@example.com","2026-05-22T00:25:07.218877Z","2026-05-22T00:25:07.458368Z","2026-05-22T00:25:07.23511Z","email","guest","Demo Camper","rv_4f57619527bb426191"
"cc8c8171-e2ca-4040-86ed-369998eb4de5","quickcheckin-37da40ff2f9f@example.com","2026-05-22T00:24:59.396083Z","2026-05-22T00:24:59.639752Z","2026-05-22T00:24:59.403865Z","email","guest","Demo Camper","rv_cc8c8171e2ca404086"
"9cea98ac-cb3e-48d3-b0bd-9ae359e914b7","quickcheckin-9dd8a13f9a5d@example.com","2026-05-22T00:24:50.072177Z","2026-05-22T00:24:50.307741Z","2026-05-22T00:24:50.075635Z","email","guest","Demo Camper","rv_9cea98accb3e48d3b0"
"7b608d65-7ce6-4517-be02-a88fe93acd48","quickcheckin-ed5ec853e624@example.com","2026-05-22T00:24:21.328762Z","2026-05-22T00:24:21.607751Z","2026-05-22T00:24:21.33696Z","email","guest","Demo Camper","rv_7b608d657ce64517be"
"f68ed935-e5c8-48e8-b70b-36f5c523856a","quickcheckin-2181673af7d2@example.com","2026-05-22T00:24:00.527339Z","2026-05-22T00:24:00.823943Z","2026-05-22T00:24:00.533243Z","email","guest","Demo Camper","rv_f68ed935e5c848e8b7"
"ce463850-cd86-44c8-964a-eb059b39f5fd","quickcheckin-ee844c066721@example.com","2026-05-22T00:24:00.479705Z","2026-05-22T00:24:00.763581Z","2026-05-22T00:24:00.485143Z","email","guest","Demo Camper","rv_ce463850cd8644c896"
"85189fc1-7929-4004-a457-728c8da2531a","quickcheckin-49f0037e6a22@example.com","2026-05-22T00:23:58.970865Z","2026-05-22T00:23:59.346098Z","2026-05-22T00:23:59.041352Z","email","guest","Demo Camper","rv_85189fc179294004a4"
"f9c643f3-e330-4e12-b001-11e57266c6e8","quickcheckin-6a74d539f266@example.com","2026-05-22T00:23:42.641873Z","2026-05-22T00:23:43.056825Z","2026-05-22T00:23:42.811205Z","email","guest","Demo Camper","rv_f9c643f3e3304e12b0"
"e24c5062-7ccc-484e-a460-4fab21b6b08e","quickcheckin-a233efc8e9a4@example.com","2026-05-22T00:23:22.751811Z","2026-05-22T00:23:23.009523Z","2026-05-22T00:23:22.764766Z","email","guest","Demo Camper","rv_e24c50627ccc484ea4"
"a10c650c-6a0a-40e6-808d-177f8fd60ba5","quickcheckin-2923e5f4fe9e@example.com","2026-05-22T00:23:05.576008Z","2026-05-22T00:23:05.780765Z","2026-05-22T00:23:05.57882Z","email","guest","Demo Camper","rv_a10c650c6a0a40e680"
"bd9e0547-16f1-4f4a-8cd7-f324f41be6a1","quickcheckin-2d7fd464b736@example.com","2026-05-22T00:23:04.302085Z","2026-05-22T00:23:04.550675Z","2026-05-22T00:23:04.307206Z","email","guest","Demo Camper","rv_bd9e054716f14f4a8c"
"9ad90b81-1962-4832-a4c9-363c9f67bbce","quickcheckin-8fb6514fa25f@example.com","2026-05-22T00:22:47.689088Z","2026-05-22T00:22:47.933196Z","2026-05-22T00:22:47.692743Z","email","guest","Demo Camper","rv_9ad90b8119624832a4"
"0c2b1357-94f9-401b-9d31-c0efde9995d5","quickcheckin-258f90a1df0f@example.com","2026-05-22T00:22:14.185813Z","2026-05-22T00:22:14.429159Z","2026-05-22T00:22:14.189958Z","email","guest","Demo Camper","rv_0c2b135794f9401b9d"
"0d4e9599-1ddd-41bf-b33d-11fa938b33f9","quickcheckin-36ff74056b68@example.com","2026-05-22T00:22:12.110961Z","2026-05-22T00:22:12.448259Z","2026-05-22T00:22:12.11391Z","email","guest","Demo Camper","rv_0d4e95991ddd41bfb3"
"7e7caf8c-8eb7-4eb6-900b-fa4e5fa9440f","quickcheckin-7514a39d52a2@example.com","2026-05-22T00:22:06.415033Z","2026-05-22T00:22:06.681383Z","2026-05-22T00:22:06.420139Z","email","guest","Demo Camper","rv_7e7caf8c8eb74eb690"
"9d0eeff9-1178-44b7-93f0-f6669ca60aeb","quickcheckin-0279734f40df@example.com","2026-05-22T00:21:52.729273Z","2026-05-22T00:21:52.949712Z","2026-05-22T00:21:52.745244Z","email","guest","Demo Camper","rv_9d0eeff9117844b793"
"9ec96106-b96b-4e9c-b021-013ad7a27bcb","quickcheckin-221cb9589f07@example.com","2026-05-22T00:21:50.336102Z","2026-05-22T00:21:50.55152Z","2026-05-22T00:21:50.339468Z","email","guest","Demo Camper","rv_9ec96106b96b4e9cb0"
"96622ca0-d9c3-493f-a84f-6ad772508588","quickcheckin-7d8499634e59@example.com","2026-05-22T00:21:35.436629Z","2026-05-22T00:21:35.70657Z","2026-05-22T00:21:35.439684Z","email","guest","Demo Camper","rv_96622ca0d9c3493fa8"
"cc7414ee-c091-4cd3-b84a-17b5ce1181a7","quickcheckin-dc9a4d0640dd@example.com","2026-05-22T00:21:34.643412Z","2026-05-22T00:21:34.857636Z","2026-05-22T00:21:34.647054Z","email","guest","Demo Camper","rv_cc7414eec0914cd3b8"
"d6b66bfa-bf4f-461f-846f-1ff7fa583669","quickcheckin-e2c4eba77a85@example.com","2026-05-22T00:21:19.381511Z","2026-05-22T00:21:19.600604Z","2026-05-22T00:21:19.384698Z","email","guest","Demo Camper","rv_d6b66bfabf4f461f84"
"53344241-02d1-45b8-9782-c252d3923fcd","quickcheckin-c56a38bdb5d0@example.com","2026-05-22T00:21:16.156167Z","2026-05-22T00:21:16.430686Z","2026-05-22T00:21:16.179782Z","email","guest","Demo Camper","rv_5334424102d145b897"
"25682831-7255-4b16-92f8-7a755b19804c","quickcheckin-298b7a923826@example.com","2026-05-22T00:21:06.871621Z","2026-05-22T00:21:07.145821Z","2026-05-22T00:21:06.876905Z","email","guest","Demo Camper","rv_2568283172554b1692"
"0232224d-38c9-474a-a3cb-33b9b2cc9b87","quickcheckin-085ee33ef6c6@example.com","2026-05-22T00:21:03.401553Z","2026-05-22T00:21:03.640796Z","2026-05-22T00:21:03.412496Z","email","guest","Demo Camper","rv_0232224d38c9474aa3"
"1a7db7ca-6e0c-4ca0-a42a-0459e4e8c8f0","quickcheckin-04cc8bf6fce8@example.com","2026-05-22T00:20:53.399341Z","2026-05-22T00:20:53.627738Z","2026-05-22T00:20:53.407376Z","email","guest","Demo Camper","rv_1a7db7ca6e0c4ca0a4"
"24223ba5-b966-4a07-a7d0-427fa74cb2b2","quickcheckin-5d083e8112ce@example.com","2026-05-22T00:20:42.593198Z","2026-05-22T00:20:42.786046Z","2026-05-22T00:20:42.596605Z","email","guest","Demo Camper","rv_24223ba5b9664a07a7"
"f681857f-23cf-41e2-95f0-9955d99ca161","quickcheckin-2366232bbc0d@example.com","2026-05-22T00:20:35.845918Z","2026-05-22T00:20:36.080343Z","2026-05-22T00:20:35.851832Z","email","guest","Demo Camper","rv_f681857f23cf41e295"
"f47ec03e-2a90-4617-8651-9fc8db5da970","quickcheckin-577ceb33dcd8@example.com","2026-05-22T00:20:32.355299Z","2026-05-22T00:20:32.585924Z","2026-05-22T00:20:32.358568Z","email","guest","Demo Camper","rv_f47ec03e2a90461786"
"b081cbcc-8387-4edd-8cf0-e675a41dc27d","quickcheckin-6828b7697967@example.com","2026-05-22T00:20:13.545573Z","2026-05-22T00:20:13.840177Z","2026-05-22T00:20:13.548708Z","email","guest","Demo Camper","rv_b081cbcc83874edd8c"
"c0cf62b3-e8d3-48f3-a96c-f8f7c73f11c2","quickcheckin-3354f281e9f7@example.com","2026-05-22T00:20:11.42716Z","2026-05-22T00:20:11.696846Z","2026-05-22T00:20:11.438109Z","email","guest","Demo Camper","rv_c0cf62b3e8d348f3a9"
"ed8d93dc-4598-48b8-b48e-31f84a55e19c","quickcheckin-011cb87a6369@example.com","2026-05-22T00:20:11.288373Z","2026-05-22T00:20:11.69555Z","2026-05-22T00:20:11.315714Z","email","guest","Demo Camper","rv_ed8d93dc459848b8b4"
"7848f44b-f918-4625-980a-d4e263b42041","quickcheckin-83049c97f8f8@example.com","2026-05-22T00:16:29.783814Z","2026-05-22T00:16:30.066586Z","2026-05-22T00:16:29.787265Z","email","guest","Demo Camper","rv_7848f44bf918462598"
"d3dae4ff-40fa-495b-a2fd-6461370da845","quickcheckin-e7b561a88262@example.com","2026-05-22T00:16:29.717749Z","2026-05-22T00:16:29.946929Z","2026-05-22T00:16:29.722466Z","email","guest","Demo Camper","rv_d3dae4ff40fa495ba2"
"8318452f-5551-4ff2-ba49-66805b4a59e0","quickcheckin-35c8d298a56e@example.com","2026-05-22T00:16:09.463388Z","2026-05-22T00:16:09.679744Z","2026-05-22T00:16:09.466017Z","email","guest","Demo Camper","rv_8318452f55514ff2ba"
"b1401986-976a-4ea3-b136-87e6e8a11d0b","quickcheckin-15269ed72243@example.com","2026-05-22T00:16:01.042507Z","2026-05-22T00:16:01.278814Z","2026-05-22T00:16:01.048083Z","email","guest","Demo Camper","rv_b1401986976a4ea3b1"
"68b55c26-106a-4d74-8f72-31d19897853e","quickcheckin-8957f37b939a@example.com","2026-05-22T00:15:53.963281Z","2026-05-22T00:15:54.226149Z","2026-05-22T00:15:53.989369Z","email","guest","Demo Camper","rv_68b55c26106a4d748f"
"7e352251-4462-4429-a63a-518f67113979","quickcheckin-6d4f116fa783@example.com","2026-05-22T00:15:47.114844Z","2026-05-22T00:15:47.36539Z","2026-05-22T00:15:47.11764Z","email","guest","Demo Camper","rv_7e35225144624429a6"
"9a242557-328a-4026-b67f-a752e9527680","quickcheckin-f86e793eac03@example.com","2026-05-22T00:15:40.702018Z","2026-05-22T00:15:40.944977Z","2026-05-22T00:15:40.707213Z","email","guest","Demo Camper","rv_9a242557328a4026b6"
"c5cb5250-5290-42ff-9c38-cb8368cea6ed","quickcheckin-aec97a263b70@example.com","2026-05-22T00:15:39.784718Z","2026-05-22T00:15:39.991234Z","2026-05-22T00:15:39.7909Z","email","guest","Demo Camper","rv_c5cb5250529042ff9c"
"d14815c8-818e-4b27-8674-31efd990b885","quickcheckin-14ede7511655@example.com","2026-05-22T00:15:34.572733Z","2026-05-22T00:15:34.835245Z","2026-05-22T00:15:34.577508Z","email","guest","Demo Camper","rv_d14815c8818e4b2786"
"d6074789-98d4-4e85-b3ad-5314931a5f68","quickcheckin-5200220a7f6d@example.com","2026-05-22T00:15:25.009198Z","2026-05-22T00:15:25.24297Z","2026-05-22T00:15:25.014684Z","email","guest","Demo Camper","rv_d607478998d44e85b3"
"59104c46-f55c-47dc-afad-0ed1099d3818","quickcheckin-23882f77f80a@example.com","2026-05-22T00:15:17.001401Z","2026-05-22T00:15:17.232677Z","2026-05-22T00:15:17.022084Z","email","guest","Demo Camper","rv_59104c46f55c47dcaf"
"e25fa1ec-e6b1-4fd5-bfb0-2fd17ac8b8bc","quickcheckin-43352cfcc174@example.com","2026-05-22T00:15:10.433169Z","2026-05-22T00:15:10.654826Z","2026-05-22T00:15:10.439341Z","email","guest","Demo Camper","rv_e25fa1ece6b14fd5bf"
"dc5b2d39-e4c9-4f6c-8ca7-5fdda56c835c","quickcheckin-b852059aa483@example.com","2026-05-22T00:15:04.836982Z","2026-05-22T00:15:05.047229Z","2026-05-22T00:15:04.840918Z","email","guest","Demo Camper","rv_dc5b2d39e4c94f6c8c"
"81ade091-860b-4326-a2dc-02aaa074091c","quickcheckin-cf520a49c107@example.com","2026-05-22T00:15:00.899723Z","2026-05-22T00:15:01.082168Z","2026-05-22T00:15:00.902755Z","email","guest","Demo Camper","rv_81ade091860b4326a2"
"0b814769-7527-4e66-9d6f-37694ce4b1a3","quickcheckin-aa1bde53a14d@example.com","2026-05-22T00:15:00.865751Z","2026-05-22T00:15:01.078355Z","2026-05-22T00:15:00.884745Z","email","guest","Demo Camper","rv_0b81476975274e669d"
"1cbd5591-d1d3-4aa8-af49-3965a1928f4f","quickcheckin-be1bafe4ac0e@example.com","2026-05-22T00:14:42.50495Z","2026-05-22T00:14:42.816741Z","2026-05-22T00:14:42.507914Z","email","guest","Demo Camper","rv_1cbd5591d1d34aa8af"
"ef49fb82-551f-4285-8760-c0c73fc2b7ae","quickcheckin-0773fb181489@example.com","2026-05-22T00:14:42.184407Z","2026-05-22T00:14:42.439187Z","2026-05-22T00:14:42.192364Z","email","guest","Demo Camper","rv_ef49fb82551f428587"
"dbe84510-6cf9-47c4-93ec-4abcccde4279","quickcheckin-9f6ba352c8b4@example.com","2026-05-22T00:14:41.427114Z","2026-05-22T00:14:41.763817Z","2026-05-22T00:14:41.450364Z","email","guest","Demo Camper","rv_dbe845106cf947c493"
"b1676bae-6515-4e20-8232-df87709cd708","quickcheckin-b26d9772766d@example.com","2026-05-22T00:09:20.550834Z","2026-05-22T00:09:20.836354Z","2026-05-22T00:09:20.583278Z","email","guest","Demo Camper","rv_b1676bae65154e2082"
"4a0fb1dc-9990-48db-bd00-826310ce544a","quickcheckin-5c92a9368851@example.com","2026-05-22T00:08:30.82862Z","2026-05-22T00:08:31.177796Z","2026-05-22T00:08:30.850709Z","email","guest","Demo Camper","rv_4a0fb1dc999048dbbd"
"29273e42-5365-4192-a37e-69dfcdb735b6","quickcheckin-3f6b538566dc@example.com","2026-05-22T00:04:46.378394Z","2026-05-22T00:04:46.788044Z","2026-05-22T00:04:46.42283Z","email","guest","Demo Camper","rv_29273e4253654192a3"
"53f5f0a7-091c-4066-8f48-823c9755a360","quickcheckin-f3ffc0ac55fa@example.com","2026-05-22T00:04:32.034466Z","2026-05-22T00:04:32.436617Z","2026-05-22T00:04:32.148136Z","email","guest","Demo Camper","rv_53f5f0a7091c40668f"
"91660796-ec11-423a-b8ad-e915dafbedde","quickcheckin-333a27b01d42@example.com","2026-05-22T00:04:08.656485Z","2026-05-22T00:04:08.903831Z","2026-05-22T00:04:08.666962Z","email","guest","Demo Camper","rv_91660796ec11423ab8"
"9f0834b1-825c-4137-a1e7-af67a6a1a010","quickcheckin-e7dba11a8540@example.com","2026-05-22T00:03:55.738181Z","2026-05-22T00:03:55.985673Z","2026-05-22T00:03:55.741804Z","email","guest","Demo Camper","rv_9f0834b1825c4137a1"
"79753482-67a4-461c-9866-f492ca9595d0","quickcheckin-a861908c9ecb@example.com","2026-05-22T00:03:43.280676Z","2026-05-22T00:03:43.581629Z","2026-05-22T00:03:43.298276Z","email","guest","Demo Camper","rv_7975348267a4461c98"
"fc958f80-fd1b-4b0d-b965-2cedbffeb9b2","quickcheckin-76aa889ee351@example.com","2026-05-22T00:02:48.168108Z","2026-05-22T00:02:48.386028Z","2026-05-22T00:02:48.174606Z","email","guest","Demo Camper","rv_fc958f80fd1b4b0db9"
"96a09244-ab76-4f68-b0ce-e0fc5545b10e","quickcheckin-cc116c5558c7@example.com","2026-05-22T00:02:47.983961Z","2026-05-22T00:02:48.215725Z","2026-05-22T00:02:48.006629Z","email","guest","Demo Camper","rv_96a09244ab764f68b0"
"c6e1119e-75d0-4c59-a145-1bd463e8ef87","quickcheckin-fb72f40171a3@example.com","2026-05-22T00:02:05.067725Z","2026-05-22T00:02:05.32547Z","2026-05-22T00:02:05.071704Z","email","guest","Demo Camper","rv_c6e1119e75d04c59a1"
"72e7c9e7-ceb2-476e-964a-5d1bf52fcf8f","quickcheckin-c69662ae7ab7@example.com","2026-05-22T00:02:04.177058Z","2026-05-22T00:02:04.503745Z","2026-05-22T00:02:04.219124Z","email","guest","Demo Camper","rv_72e7c9e7ceb2476e96"
"1c4a6163-8979-4d74-bf48-9f5b476d016a","quickcheckin-701ecbeaf756@example.com","2026-05-21T23:59:19.597878Z","2026-05-21T23:59:19.86759Z","2026-05-21T23:59:19.610916Z","email","guest","Demo Camper","rv_1c4a616389794d74bf"
"ac43bbab-ec5a-4375-a439-b496e8274f70","quickcheckin-a53b3d8c833a@example.com","2026-05-21T23:59:12.020379Z","2026-05-21T23:59:12.299845Z","2026-05-21T23:59:12.051522Z","email","guest","Demo Camper","rv_ac43bbabec5a4375a4"
"10637ab3-dc8c-4bda-be3a-91fabe0b9a57","quickcheckin-7927cbdd68b6@example.com","2026-05-21T23:58:53.302264Z","2026-05-21T23:58:53.497568Z","2026-05-21T23:58:53.305353Z","email","guest","Demo Camper","rv_10637ab3dc8c4bdabe"
"591d2900-7be9-4e00-9d9e-7c19bcf8419b","quickcheckin-c8f17bd51087@example.com","2026-05-21T23:58:49.886281Z","2026-05-21T23:58:50.143578Z","2026-05-21T23:58:49.890291Z","email","guest","Demo Camper","rv_591d29007be94e009d"
"d4e5d644-cc36-4930-a2e7-92102954bfc4","quickcheckin-eec34d2357ea@example.com","2026-05-21T23:58:43.362297Z","2026-05-21T23:58:43.613271Z","2026-05-21T23:58:43.366035Z","email","guest","Demo Camper","rv_d4e5d644cc364930a2"
"cc5416c3-2f2c-4119-bae8-6697ceaff70e","quickcheckin-70af50f0ac78@example.com","2026-05-21T23:58:03.13579Z","2026-05-21T23:58:03.344203Z","2026-05-21T23:58:03.139202Z","email","guest","Demo Camper","rv_cc5416c32f2c4119ba"
"c8793fc1-7207-41d9-aac9-317fb39438f0","quickcheckin-7d2da28f32b0@example.com","2026-05-21T23:58:01.064733Z","2026-05-21T23:58:01.427176Z","2026-05-21T23:58:01.084079Z","email","guest","Demo Camper","rv_c8793fc1720741d9aa"
"24cd608f-24ae-43c3-81c8-cc62f73bdbcf","quickcheckin-3b0b4ff82c9c@example.com","2026-05-21T23:57:40.772805Z","2026-05-21T23:57:41.080095Z","2026-05-21T23:57:40.799875Z","email","guest","Demo Camper","rv_24cd608f24ae43c381"
"aa90a01e-93e8-48c0-8183-d75e4a01c0d2","quickcheckin-e902ef2b856b@example.com","2026-05-21T23:57:40.772745Z","2026-05-21T23:57:41.065044Z","2026-05-21T23:57:40.8Z","email","guest","Demo Camper","rv_aa90a01e93e848c081"
"950d46f0-22a4-4fec-a38c-77f83b43c315","quickcheckin-626189080c78@example.com","2026-05-21T23:57:05.027349Z","2026-05-21T23:57:05.269283Z","2026-05-21T23:57:05.030183Z","email","guest","Demo Camper","rv_950d46f022a44feca3"
"e19469b8-5552-4971-b9a7-27c981ff4c2e","quickcheckin-30a8ea02fcfe@example.com","2026-05-21T23:56:54.485542Z","2026-05-21T23:56:54.70301Z","2026-05-21T23:56:54.49124Z","email","guest","Demo Camper","rv_e19469b855524971b9"
"a2b7db06-92eb-4ea5-8fc7-0aab0404a45d","quickcheckin-4433ff23c515@example.com","2026-05-21T23:56:35.765789Z","2026-05-21T23:56:35.977305Z","2026-05-21T23:56:35.768683Z","email","guest","Demo Camper","rv_a2b7db0692eb4ea58f"
"d5470cd3-27e3-4d83-b1dc-dbed453f3ea8","quickcheckin-93eeb56ee7c9@example.com","2026-05-21T23:56:28.634422Z","2026-05-21T23:56:28.887221Z","2026-05-21T23:56:28.637356Z","email","guest","Demo Camper","rv_d5470cd327e34d83b1"
"30903ca5-4c09-4507-8344-4b25892a2eed","quickcheckin-931a5503dc1b@example.com","2026-05-21T23:56:08.132629Z","2026-05-21T23:56:08.367185Z","2026-05-21T23:56:08.135569Z","email","guest","Demo Camper","rv_30903ca54c09450783"
"798af25f-8ff2-4b86-ab1a-ae2e036ab115","quickcheckin-1f8a8db98169@example.com","2026-05-21T23:56:01.564172Z","2026-05-21T23:56:01.758292Z","2026-05-21T23:56:01.567839Z","email","guest","Demo Camper","rv_798af25f8ff24b86ab"
"ec16b5e8-af87-4940-abd1-e7529cfb7176","quickcheckin-04f8d9bd9533@example.com","2026-05-21T23:55:55.075576Z","2026-05-21T23:55:55.291869Z","2026-05-21T23:55:55.087973Z","email","guest","Demo Camper","rv_ec16b5e8af874940ab"
"a9d0208e-6d14-443e-9fee-5af970f2bae2","quickcheckin-7d7aa8629285@example.com","2026-05-21T23:55:50.242015Z","2026-05-21T23:55:50.478778Z","2026-05-21T23:55:50.249837Z","email","guest","Demo Camper","rv_a9d0208e6d14443e9f"
"9e45e719-fd3d-42d2-8f6d-bf0a613889af","quickcheckin-31955f6c2d5e@example.com","2026-05-21T23:55:39.381064Z","2026-05-21T23:55:39.609813Z","2026-05-21T23:55:39.384079Z","email","guest","Demo Camper","rv_9e45e719fd3d42d28f"
"c3c5f0ba-816f-48f4-a21b-51b38c0fd403","quickcheckin-7a75f1f903b3@example.com","2026-05-21T23:55:24.86785Z","2026-05-21T23:55:25.085325Z","2026-05-21T23:55:24.87119Z","email","guest","Demo Camper","rv_c3c5f0ba816f48f4a2"
"4d6b02af-24b3-48a3-9ae0-aa38d383d2c1","quickcheckin-74f828cc8bbd@example.com","2026-05-21T23:55:17.899986Z","2026-05-21T23:55:18.124278Z","2026-05-21T23:55:17.906191Z","email","guest","Demo Camper","rv_4d6b02af24b348a39a"
"34e508e9-da33-4fd7-b805-c0d9cad17f55","quickcheckin-f38b37a581c6@example.com","2026-05-21T23:55:17.538969Z","2026-05-21T23:55:17.821401Z","2026-05-21T23:55:17.573747Z","email","guest","Demo Camper","rv_34e508e9da334fd7b8"
"4ee9cb06-3f0b-4c20-bdc9-eea90073a127","quickcheckin-fb97d54dcb4f@example.com","2026-05-21T23:55:08.409314Z","2026-05-21T23:55:08.654749Z","2026-05-21T23:55:08.420246Z","email","guest","Demo Camper","rv_4ee9cb063f0b4c20bd"
"7a7b01fe-9b5b-4fde-922b-a35f61d16146","quickcheckin-cdda4041ae01@example.com","2026-05-21T23:54:01.117223Z","2026-05-21T23:54:01.462804Z","2026-05-21T23:54:01.139898Z","email","guest","Demo Camper","rv_7a7b01fe9b5b4fde92"
"36e86a1b-386e-4b49-a271-e5894456e0e2","quickcheckin-1cc4e931334a@example.com","2026-05-21T23:53:00.351932Z","2026-05-21T23:53:00.774492Z","2026-05-21T23:53:00.394624Z","email","guest","Demo Camper","rv_36e86a1b386e4b49a2"
"858d6622-39d6-48e9-a91d-f2aa15a43233","quickcheckin-47a5ce1875c3@example.com","2026-05-21T23:42:46.998861Z","2026-05-21T23:42:47.696896Z","2026-05-21T23:42:47.011101Z","email","guest","Demo Camper","rv_858d662239d648e9a9"
"1d449ecd-67df-445a-93df-82ce0220b742","quickcheckin-36f3d9f49d7d@example.com","2026-05-21T23:41:52.883163Z","2026-05-21T23:41:53.89208Z","2026-05-21T23:41:52.888785Z","email","guest","Demo Camper","rv_1d449ecd67df445a93"
"b9ea0789-15a8-411a-ba26-992dd1929b27","quickcheckin-4fc15a7f0afc@example.com","2026-05-21T23:41:45.103551Z","2026-05-21T23:41:47.507473Z","2026-05-21T23:41:45.128208Z","email","guest","Demo Camper","rv_b9ea078915a8411aba"
"68d92bdf-9e68-481b-90cf-92f0f3eac0dc","quickcheckin-8a3c94159962@example.com","2026-05-21T23:41:08.515569Z","2026-05-21T23:41:09.965851Z","2026-05-21T23:41:08.518445Z","email","guest","Demo Camper","rv_68d92bdf9e68481b90"
"d51554a2-6d4a-4942-875e-0bb299fe4b09","quickcheckin-a61be589a450@example.com","2026-05-21T23:41:00.677101Z","2026-05-21T23:41:04.928954Z","2026-05-21T23:41:00.680852Z","email","guest","Demo Camper","rv_d51554a26d4a494287"
"4cbe5d82-b050-4075-8f6d-9f6bd392fe12","quickcheckin-2cd6d23acdae@example.com","2026-05-21T23:40:46.436097Z","2026-05-21T23:40:48.030584Z","2026-05-21T23:40:46.438979Z","email","guest","Demo Camper","rv_4cbe5d82b05040758f"
"19476202-fe3a-491c-9e66-444203a413de","quickcheckin-e93e1126f901@example.com","2026-05-21T23:40:25.580741Z","2026-05-21T23:40:26.549713Z","2026-05-21T23:40:25.583943Z","email","guest","Demo Camper","rv_19476202fe3a491c9e"
"8639b2b8-4dcf-4866-90aa-14142c248398","quickcheckin-d881bef12578@example.com","2026-05-21T23:40:14.09734Z","2026-05-21T23:40:14.949215Z","2026-05-21T23:40:14.104097Z","email","guest","Demo Camper","rv_8639b2b84dcf486690"
"97637603-0057-437b-8192-56a95c9484cf","quickcheckin-90097eac8a54@example.com","2026-05-21T23:39:17.824324Z","2026-05-21T23:39:18.779293Z","2026-05-21T23:39:17.838035Z","email","guest","Demo Camper","rv_976376030057437b81"
"cd0f56d3-e901-4dd1-be85-9483af2828ed","quickcheckin-9b33bc24acad@example.com","2026-05-21T23:39:05.601096Z","2026-05-21T23:39:06.2373Z","2026-05-21T23:39:05.606734Z","email","guest","Demo Camper","rv_cd0f56d3e9014dd1be"
"cd6d6308-5703-4662-a42f-90baeedb9aa0","quickcheckin-9f1ef373b2cb@example.com","2026-05-21T23:38:47.490978Z","2026-05-21T23:38:49.007641Z","2026-05-21T23:38:47.498495Z","email","guest","Demo Camper","rv_cd6d630857034662a4"
"bf83d100-01eb-428f-9882-934281be2803","quickcheckin-50b2f12cfc89@example.com","2026-05-21T23:38:25.063378Z","2026-05-21T23:38:26.332332Z","2026-05-21T23:38:25.066885Z","email","guest","Demo Camper","rv_bf83d10001eb428f98"
"57059777-c49c-40b6-a8cf-16f1ff154a03","quickcheckin-99727872b0a9@example.com","2026-05-21T23:38:01.777287Z","2026-05-21T23:38:03.63815Z","2026-05-21T23:38:01.81418Z","email","guest","Demo Camper","rv_57059777c49c40b6a8"
"72f35930-15ab-487d-9d43-75b0b424aa24","quickcheckin-9576a942cb29@example.com","2026-05-21T23:36:15.312364Z","2026-05-21T23:36:16.610713Z","2026-05-21T23:36:15.315115Z","email","guest","Demo Camper","rv_72f3593015ab487d9d"
"74b1a967-2a8d-4b95-87f0-a1087a3ddb77","quickcheckin-061ebac78da5@example.com","2026-05-21T23:36:02.513647Z","2026-05-21T23:36:03.654736Z","2026-05-21T23:36:02.517324Z","email","guest","Demo Camper","rv_74b1a9672a8d4b9587"
"2162e7c4-08f7-4fcc-bdc5-265fd30e7a37","quickcheckin-b5187df6084b@example.com","2026-05-21T23:35:45.444317Z","2026-05-21T23:35:46.096371Z","2026-05-21T23:35:45.448059Z","email","guest","Demo Camper","rv_2162e7c408f74fccbd"
"72b65992-405b-4329-b073-570d09fae7c4","quickcheckin-e3d576f4174e@example.com","2026-05-21T23:35:31.880534Z","2026-05-21T23:35:32.515414Z","2026-05-21T23:35:31.88423Z","email","guest","Demo Camper","rv_72b65992405b4329b0"
"4cf56657-40f0-4c75-8520-047c0c0436dd","quickcheckin-801444c5d5ee@example.com","2026-05-21T23:35:21.257697Z","2026-05-21T23:35:22.706478Z","2026-05-21T23:35:21.283404Z","email","guest","Demo Camper","rv_4cf5665740f04c7585"
"ae5ce2af-6886-4c5f-9215-4e4a87db3d50","quickcheckin-424fb9662aef@example.com","2026-05-21T23:34:44.417026Z","2026-05-21T23:34:44.977386Z","2026-05-21T23:34:44.41997Z","email","guest","Demo Camper","rv_ae5ce2af68864c5f92"
"cd86c577-5b7d-467e-9355-9d8d243757f7","quickcheckin-f69056aa3150@example.com","2026-05-21T23:34:38.009582Z","2026-05-21T23:34:38.50699Z","2026-05-21T23:34:38.012839Z","email","guest","Demo Camper","rv_cd86c5775b7d467e93"
"104ae0d7-c393-4704-806f-ae88cde91abe","quickcheckin-5436ff3246b9@example.com","2026-05-21T23:34:08.415946Z","2026-05-21T23:34:10.793515Z","2026-05-21T23:34:08.423712Z","email","guest","Demo Camper","rv_104ae0d7c393470480"
"f9022c54-a371-4f08-8366-e1e08b1d22a4","quickcheckin-05661cca1193@example.com","2026-05-21T23:33:58.563879Z","2026-05-21T23:33:59.803414Z","2026-05-21T23:33:58.596011Z","email","guest","Demo Camper","rv_f9022c54a3714f0883"
"7535c21a-1844-42e1-9e7a-12c2d0dd0ed9","quickcheckin-f598d5730ef9@example.com","2026-05-21T23:32:55.124996Z","2026-05-21T23:32:55.979003Z","2026-05-21T23:32:55.163042Z","email","guest","Demo Camper","rv_7535c21a184442e19e"
"bbe8a7f9-bdee-41bd-a6d4-70b30f35a5a3","quickcheckin-a1a4bb5fc002@example.com","2026-05-21T23:32:18.244114Z","2026-05-21T23:32:20.326963Z","2026-05-21T23:32:18.247096Z","email","guest","Demo Camper","rv_bbe8a7f9bdee41bda6"
"3df71dd4-bbb1-4d39-b633-0fec54d6731b","quickcheckin-97b183a1d420@example.com","2026-05-21T23:32:05.766715Z","2026-05-21T23:32:06.560117Z","2026-05-21T23:32:05.777858Z","email","guest","Demo Camper","rv_3df71dd4bbb14d39b6"
"c7fc73c8-ae84-4aa3-b614-1bb76f471a3a","quickcheckin-1f872de3e2b6@example.com","2026-05-21T23:31:49.722905Z","2026-05-21T23:31:50.333096Z","2026-05-21T23:31:49.72604Z","email","guest","Demo Camper","rv_c7fc73c8ae844aa3b6"
"03e24333-bded-4b49-8c73-c2c85f9b9e9f","quickcheckin-ac5b95288054@example.com","2026-05-21T23:31:34.568264Z","2026-05-21T23:31:35.287731Z","2026-05-21T23:31:34.574427Z","email","guest","Demo Camper","rv_03e24333bded4b498c"
"e35110f5-bc83-4bd6-bab9-837b0cd1f80d","quickcheckin-4d23ba5680d3@example.com","2026-05-21T23:31:25.668899Z","2026-05-21T23:31:26.430715Z","2026-05-21T23:31:25.705958Z","email","guest","Demo Camper","rv_e35110f5bc834bd6ba"
"28a17fbb-b44a-43d8-b2fa-906115a157f2","quickcheckin-63aa637554ed@example.com","2026-05-21T23:30:52.515629Z","2026-05-21T23:30:53.193772Z","2026-05-21T23:30:52.518885Z","email","guest","Demo Camper","rv_28a17fbbb44a43d8b2"
"a3d4c956-3693-4dc8-a7f3-ea925d999e02","quickcheckin-b12b0041b0e8@example.com","2026-05-21T23:30:46.645029Z","2026-05-21T23:30:47.486245Z","2026-05-21T23:30:46.651754Z","email","guest","Demo Camper","rv_a3d4c95636934dc8a7"
"a7724dea-4216-416e-a411-8e9acea17a53","quickcheckin-703364e87e48@example.com","2026-05-21T23:30:20.794845Z","2026-05-21T23:30:21.32056Z","2026-05-21T23:30:20.799879Z","email","guest","Demo Camper","rv_a7724dea4216416ea4"
"36fdc1a7-3713-449f-8626-4d24cc4b4667","quickcheckin-7421f732082d@example.com","2026-05-21T23:30:13.857006Z","2026-05-21T23:30:14.891497Z","2026-05-21T23:30:13.899792Z","email","guest","Demo Camper","rv_36fdc1a73713449f86"
"1aceed3b-b31e-4329-9764-4c631f81931e","quickcheckin-8485d37fb9fc@example.com","2026-05-21T23:26:05.690328Z","2026-05-21T23:26:06.366706Z","2026-05-21T23:26:05.697147Z","email","guest","Demo Camper","rv_1aceed3bb31e432997"
"669f14c9-f871-434a-8a11-a3a87ad78203","quickcheckin-e495520caff3@example.com","2026-05-21T23:25:54.734234Z","2026-05-21T23:25:55.263463Z","2026-05-21T23:25:54.747198Z","email","guest","Demo Camper","rv_669f14c9f871434a8a"
"f58724c1-5b86-4037-bb9e-5afa2b13ae45","quickcheckin-c59b6fd3c975@example.com","2026-05-21T23:25:39.5542Z","2026-05-21T23:25:40.211708Z","2026-05-21T23:25:39.55741Z","email","guest","Demo Camper","rv_f58724c15b864037bb"
"64cdfab0-ee1a-4cd6-8283-b35b8048c49f","quickcheckin-d2000d4cf708@example.com","2026-05-21T23:25:27.668397Z","2026-05-21T23:25:28.450473Z","2026-05-21T23:25:27.671638Z","email","guest","Demo Camper","rv_64cdfab0ee1a4cd682"
"7fa631c0-e4f3-4ec8-8821-b44bd470b8a9","quickcheckin-f07b13e549a2@example.com","2026-05-21T23:25:19.907282Z","2026-05-21T23:25:20.707501Z","2026-05-21T23:25:19.926761Z","email","guest","Demo Camper","rv_7fa631c0e4f34ec888"
"eaca4a32-e9a8-49d1-8d3d-977df5e0cddf","quickcheckin-b0f0a59dcd0b@example.com","2026-05-21T23:24:54.108484Z","2026-05-21T23:24:54.840631Z","2026-05-21T23:24:54.1167Z","email","guest","Demo Camper","rv_eaca4a32e9a849d18d"
"616593cd-d7ca-4bfc-9c58-97aa0e741037","quickcheckin-f51b02e4b651@example.com","2026-05-21T23:24:47.041969Z","2026-05-21T23:24:47.676085Z","2026-05-21T23:24:47.049462Z","email","guest","Demo Camper","rv_616593cdd7ca4bfc9c"
"e4c45c04-85b6-4e59-9bb8-112b509a4004","quickcheckin-b94fad512c9a@example.com","2026-05-21T23:24:24.148837Z","2026-05-21T23:24:26.108398Z","2026-05-21T23:24:24.151887Z","email","guest","Demo Camper","rv_e4c45c0485b64e599b"
"0f177f70-d250-4e99-bb4f-b513aa739d65","quickcheckin-5099d6e7eacd@example.com","2026-05-21T23:24:17.455781Z","2026-05-21T23:24:18.097035Z","2026-05-21T23:24:17.466968Z","email","guest","Demo Camper","rv_0f177f70d2504e99bb"
"7adb0438-4078-4448-bac3-429f77fb6efd","quickcheckin-6c388ccce0a5@example.com","2026-05-21T23:23:56.910327Z","2026-05-21T23:23:57.799928Z","2026-05-21T23:23:56.924908Z","email","guest","Demo Camper","rv_7adb043840784448ba"
"ffe923b6-1067-47eb-b227-b1dfcdf96c89","quickcheckin-dcbfdaa2a4f3@example.com","2026-05-21T23:23:48.347238Z","2026-05-21T23:23:48.977225Z","2026-05-21T23:23:48.407587Z","email","guest","Demo Camper","rv_ffe923b6106747ebb2"
"51146d04-8191-4d58-b330-bebc5a7d1408","quickcheckin-d83e28225528@example.com","2026-05-21T23:01:18.790531Z","2026-05-21T23:01:19.124638Z","2026-05-21T23:01:18.819374Z","email","guest","Demo Camper","rv_51146d0481914d58b3"
"4f42410f-3b07-4016-9e1d-8706f85eae69","quickcheckin-eb3906031f49@example.com","2026-05-21T23:00:28.573056Z","2026-05-21T23:00:29.059863Z","2026-05-21T23:00:28.593147Z","email","guest","Demo Camper","rv_4f42410f3b0740169e"
"145dfa8c-4b48-4122-b827-2af67c4a1a6d","quickcheckin-f341c43d035d@example.com","2026-05-21T22:58:36.432492Z","2026-05-21T22:58:36.64218Z","2026-05-21T22:58:36.437253Z","email","guest","Demo Camper","rv_145dfa8c4b484122b8"
"85b31174-9a27-46e2-a747-f0b8cda88eb9","quickcheckin-8f78cd470e17@example.com","2026-05-21T22:58:11.936829Z","2026-05-21T22:58:12.19215Z","2026-05-21T22:58:11.947853Z","email","guest","Demo Camper","rv_85b311749a2746e2a7"
"2d11ba43-7ba1-42c7-8283-bc2045e5514c","quickcheckin-16f2778556a6@example.com","2026-05-21T22:57:43.018137Z","2026-05-21T22:57:43.30286Z","2026-05-21T22:57:43.023833Z","email","guest","Demo Camper","rv_2d11ba437ba142c782"
"fe0e3251-92f0-4b4e-8cd5-e1c9552bef09","quickcheckin-8c9e5271ce25@example.com","2026-05-21T22:57:41.485038Z","2026-05-21T22:57:41.696802Z","2026-05-21T22:57:41.488098Z","email","guest","Demo Camper","rv_fe0e325192f04b4e8c"
"99d19200-2018-4d2d-b0b9-64fd95a8b4cc","quickcheckin-4567b76bb618@example.com","2026-05-21T22:57:32.213722Z","2026-05-21T22:57:32.410013Z","2026-05-21T22:57:32.217779Z","email","guest","Demo Camper","rv_99d1920020184d2db0"
"c6552c96-ebea-4d41-8052-2c1df338f648","quickcheckin-b02180906117@example.com","2026-05-21T22:57:27.494727Z","2026-05-21T22:57:27.762517Z","2026-05-21T22:57:27.506483Z","email","guest","Demo Camper","rv_c6552c96ebea4d4180"
"af095056-6f82-47e7-909a-6a72881f34fe","quickcheckin-cad1fb2021c9@example.com","2026-05-21T22:57:24.548736Z","2026-05-21T22:57:24.746383Z","2026-05-21T22:57:24.552334Z","email","guest","Demo Camper","rv_af0950566f8247e790"
"fe2f3dbc-c543-4aac-be89-149f2037efe9","quickcheckin-ba07f03be2d7@example.com","2026-05-21T22:57:16.871367Z","2026-05-21T22:57:17.078514Z","2026-05-21T22:57:16.875275Z","email","guest","Demo Camper","rv_fe2f3dbcc5434aacbe"
"b5124c76-c0f7-41e0-9e53-c77a7b57fdbd","quickcheckin-3d11576549b5@example.com","2026-05-21T22:57:14.458413Z","2026-05-21T22:57:14.717503Z","2026-05-21T22:57:14.46416Z","email","guest","Demo Camper","rv_b5124c76c0f741e09e"
"d3b6ebb7-c341-4a5c-8ab6-c0c6531acfb1","quickcheckin-60b5a1ec258a@example.com","2026-05-21T22:57:07.637954Z","2026-05-21T22:57:07.9413Z","2026-05-21T22:57:07.668934Z","email","guest","Demo Camper","rv_d3b6ebb7c3414a5c8a"
"01016769-4fee-45b6-9ef4-363441d1e951","quickcheckin-a50e52a49642@example.com","2026-05-21T22:56:40.353274Z","2026-05-21T22:56:40.623986Z","2026-05-21T22:56:40.408522Z","email","guest","Demo Camper","rv_010167694fee45b69e"
"6e0d93d7-fcd3-4a9d-ba1a-0113b794ee13","quickcheckin-b86ec8b09d3f@example.com","2026-05-21T22:56:33.964619Z","2026-05-21T22:56:34.244152Z","2026-05-21T22:56:33.999251Z","email","guest","Demo Camper","rv_6e0d93d7fcd34a9dba"
"d9ac64eb-7e72-45cc-8da8-408bf8ba5b82","quickcheckin-0316c3ced2ce@example.com","2026-05-21T22:52:11.935827Z","2026-05-21T22:52:12.189869Z","2026-05-21T22:52:11.945276Z","email","guest","Demo Camper","rv_d9ac64eb7e7245cc8d"
"409480a2-6e8d-48ef-a582-b5e1310ae34c","quickcheckin-fb0ea0fd39ca@example.com","2026-05-21T22:51:06.804688Z","2026-05-21T22:51:07.143725Z","2026-05-21T22:51:06.869721Z","email","guest","Demo Camper","rv_409480a26e8d48efa5"
"81e89bd9-99f8-4f5c-838d-368d07ef5df0","quickcheckin-2fe7e66d03a2@example.com","2026-05-21T22:45:43.207914Z","2026-05-21T22:45:45.325154Z","2026-05-21T22:45:43.211321Z","email","guest","Demo Camper","rv_81e89bd999f84f5c83"
"bd407ef6-8878-4428-a2d2-ffd9550f0979","quickcheckin-6312db310a41@example.com","2026-05-21T22:45:27.212083Z","2026-05-21T22:45:27.926249Z","2026-05-21T22:45:27.215919Z","email","guest","Demo Camper","rv_bd407ef688784428a2"
"a102eba9-923c-4d60-bc9d-6dbba54f0b89","quickcheckin-3667d6fd2180@example.com","2026-05-21T22:45:11.303637Z","2026-05-21T22:45:12.269602Z","2026-05-21T22:45:11.324565Z","email","guest","Demo Camper","rv_a102eba9923c4d60bc"
"6e6bd929-bb15-43c1-83aa-1ff6fefca3bb","quickcheckin-fe203be93c2a@example.com","2026-05-21T22:44:53.366747Z","2026-05-21T22:44:54.598891Z","2026-05-21T22:44:53.372925Z","email","guest","Demo Camper","rv_6e6bd929bb1543c183"
"fb550eaa-3e43-4f2a-9380-ec9ebc6940f5","quickcheckin-45d83e86b8b7@example.com","2026-05-21T22:44:35.694653Z","2026-05-21T22:44:37.142803Z","2026-05-21T22:44:35.707316Z","email","guest","Demo Camper","rv_fb550eaa3e434f2a93"
"cdc2c976-958f-45bc-bcdc-61e022ecb77c","quickcheckin-26e80420ac55@example.com","2026-05-21T22:43:39.188248Z","2026-05-21T22:43:40.308979Z","2026-05-21T22:43:39.294192Z","email","guest","Demo Camper","rv_cdc2c976958f45bcbc"
"f810f66d-416b-46d4-aa46-36b03bb2e808","quickcheckin-ab65efe58b81@example.com","2026-05-21T22:41:44.667885Z","2026-05-21T22:41:45.226494Z","2026-05-21T22:41:44.671148Z","email","guest","Demo Camper","rv_f810f66d416b46d4aa"
"4808713d-b445-4ac8-ab0c-c9393159b35c","quickcheckin-9b14c38e28c8@example.com","2026-05-21T22:41:39.546408Z","2026-05-21T22:41:40.02798Z","2026-05-21T22:41:39.549488Z","email","guest","Demo Camper","rv_4808713db4454ac8ab"
"40e02c87-19e9-47bb-a710-2cf27f4c8e21","quickcheckin-e6d046bd37c1@example.com","2026-05-21T22:41:35.259938Z","2026-05-21T22:41:35.88404Z","2026-05-21T22:41:35.26412Z","email","guest","Demo Camper","rv_40e02c8719e947bba7"
"ed498e63-dbd8-4d0a-8be0-8a56b5618554","quickcheckin-76d39d46008b@example.com","2026-05-21T22:41:05.327464Z","2026-05-21T22:41:06.029926Z","2026-05-21T22:41:05.368466Z","email","guest","Demo Camper","rv_ed498e63dbd84d0a8b"
"a69b9ff1-7f6f-4ee9-8ca9-fc7cc0d92123","quickcheckin-3c5f9d4e0f01@example.com","2026-05-21T22:40:52.268043Z","2026-05-21T22:40:52.928822Z","2026-05-21T22:40:52.272271Z","email","guest","Demo Camper","rv_a69b9ff17f6f4ee98c"
"190a74e6-dbdf-46af-8dee-461ba2f2d6b5","quickcheckin-8241a4b024a3@example.com","2026-05-21T22:40:38.250973Z","2026-05-21T22:40:39.110802Z","2026-05-21T22:40:38.280481Z","email","guest","Demo Camper","rv_190a74e6dbdf46af8d"
"a7a5e63e-239e-4903-ad26-fa85b0af34fd","quickcheckin-e37eb0fefc67@example.com","2026-05-21T22:34:06.572058Z","2026-05-21T22:34:07.046946Z","2026-05-21T22:34:06.57525Z","email","guest","Demo Camper","rv_a7a5e63e239e4903ad"
"c6fa1b79-1160-466f-97f8-66a31dbedb26","quickcheckin-a83d3f98e500@example.com","2026-05-21T22:33:57.11348Z","2026-05-21T22:33:57.617305Z","2026-05-21T22:33:57.125989Z","email","guest","Demo Camper","rv_c6fa1b791160466f97"
"e4c11bbf-c95f-4741-901e-9e537c6ad12e","quickcheckin-06b13793bc43@example.com","2026-05-21T22:33:45.663411Z","2026-05-21T22:33:46.270258Z","2026-05-21T22:33:45.699528Z","email","guest","Demo Camper","rv_e4c11bbfc95f474190"
"d3a2adf2-f10c-4bf5-b39d-1798f0fd0509","quickcheckin-8facc95cdf82@example.com","2026-05-21T22:31:14.193434Z","2026-05-21T22:31:14.768505Z","2026-05-21T22:31:14.209333Z","email","guest","Demo Camper","rv_d3a2adf2f10c4bf5b3"
"bfd2326e-5ae1-4484-9623-2d44835ac4fa","quickcheckin-f59a20655882@example.com","2026-05-21T22:31:01.68457Z","2026-05-21T22:31:02.411945Z","2026-05-21T22:31:01.750309Z","email","guest","Demo Camper","rv_bfd2326e5ae1448496"
"969f785e-307f-465e-86d8-6626231f4b3d","quickcheckin-e88546613cae@example.com","2026-05-21T22:30:50.275476Z","2026-05-21T22:30:50.935195Z","2026-05-21T22:30:50.283859Z","email","guest","Demo Camper","rv_969f785e307f465e86"
"9df384a3-358b-4d3b-af6d-8980dbfe7e3b","quickcheckin-52692c46c865@example.com","2026-05-21T22:30:37.440311Z","2026-05-21T22:30:38.031565Z","2026-05-21T22:30:37.44519Z","email","guest","Demo Camper","rv_9df384a3358b4d3baf"
"ecae0f93-be6e-43d5-b1bb-1a839eca2bb6","quickcheckin-e2c93aaf3555@example.com","2026-05-21T22:30:28.66601Z","2026-05-21T22:30:29.68046Z","2026-05-21T22:30:28.680835Z","email","guest","Demo Camper","rv_ecae0f93be6e43d5b1"
"c35571f1-01a9-43da-8c3e-2f8cc0fa3d01","quickcheckin-666643ca3765@example.com","2026-05-21T22:29:51.240109Z","2026-05-21T22:29:52.14932Z","2026-05-21T22:29:51.31244Z","email","guest","Demo Camper","rv_c35571f101a943da8c"
"046ceee2-2875-4e63-80cf-6a64830e5481","quickcheckin-c320a5b949bc@example.com","2026-05-21T22:08:34.514125Z","2026-05-21T22:08:34.779634Z","2026-05-21T22:08:34.517249Z","email","guest","Demo Camper","rv_046ceee228754e6380"
"5ad470db-473b-4f41-bf41-9b9608f7e4a5","quickcheckin-ab0e58503ea3@example.com","2026-05-21T22:08:24.525228Z","2026-05-21T22:08:24.735688Z","2026-05-21T22:08:24.52815Z","email","guest","Demo Camper","rv_5ad470db473b4f41bf"
"6c934c03-7e43-4500-b749-643608173100","quickcheckin-827aa5051f9c@example.com","2026-05-21T22:08:17.931739Z","2026-05-21T22:08:18.158819Z","2026-05-21T22:08:17.936057Z","email","guest","Demo Camper","rv_6c934c037e434500b7"
"b35f6cbd-6152-4ce5-920e-e1d52cb2fb81","quickcheckin-13e938211970@example.com","2026-05-21T22:08:08.815493Z","2026-05-21T22:08:09.029722Z","2026-05-21T22:08:08.823406Z","email","guest","Demo Camper","rv_b35f6cbd61524ce592"
"452239d1-31a5-4d52-b984-e6210d6ac726","quickcheckin-645a6e66785e@example.com","2026-05-21T22:08:03.954104Z","2026-05-21T22:08:04.172132Z","2026-05-21T22:08:03.96725Z","email","guest","Demo Camper","rv_452239d131a54d52b9"
"c3edf52f-490b-4026-a575-1327f3da7f26","quickcheckin-8644f11843bc@example.com","2026-05-21T22:07:37.979863Z","2026-05-21T22:07:38.414556Z","2026-05-21T22:07:38.030162Z","email","guest","Demo Camper","rv_c3edf52f490b4026a5"
"3bd02b5f-efc7-4157-9e20-5f6268dc7f9f","quickcheckin-9421686e700d@example.com","2026-05-21T21:57:18.89536Z","2026-05-21T21:57:19.224682Z","2026-05-21T21:57:18.92495Z","email","guest","Demo Camper","rv_3bd02b5fefc741579e"
"fec112e2-0ca0-4d58-b7c6-2c4741a16be1","quickcheckin-1a591f334d75@example.com","2026-05-21T21:55:13.966568Z","2026-05-21T21:55:14.740734Z","2026-05-21T21:55:13.971766Z","email","guest","Demo Camper","rv_fec112e20ca04d58b7"
"baea8640-ca72-454a-a0f6-ea2dabc44c6a","quickcheckin-3807534df08f@example.com","2026-05-21T21:55:03.552919Z","2026-05-21T21:55:04.291951Z","2026-05-21T21:55:03.592498Z","email","guest","Demo Camper","rv_baea8640ca72454aa0"
"3bd34718-5268-4184-8e3c-37b2cbab15c9","quickcheckin-2830d0d6d0d9@example.com","2026-05-21T21:54:49.604653Z","2026-05-21T21:54:50.391983Z","2026-05-21T21:54:49.609694Z","email","guest","Demo Camper","rv_3bd34718526841848e"
"78097365-a6af-4a14-87bb-fc39ac380ddf","quickcheckin-322874decffb@example.com","2026-05-21T21:54:40.368419Z","2026-05-21T21:54:40.947685Z","2026-05-21T21:54:40.378329Z","email","guest","Demo Camper","rv_78097365a6af4a1487"
"7ceee2b0-009a-4164-a3d1-a788a2ec83c0","quickcheckin-2738aabee11e@example.com","2026-05-21T21:54:03.706451Z","2026-05-21T21:54:04.503427Z","2026-05-21T21:54:03.761197Z","email","guest","Demo Camper","rv_7ceee2b0009a4164a3"
"54b3de30-12d9-4380-9947-7bb55a5f75f1","quickcheckin-462441f36e89@example.com","2026-05-21T21:40:10.553216Z","2026-05-21T21:40:10.813815Z","2026-05-21T21:40:10.562236Z","email","guest","Demo Camper","rv_54b3de3012d9438099"
"74bad8e3-d2f4-4c2c-abf5-3564dc857976","quickcheckin-6dfe9088f291@example.com","2026-05-21T21:39:53.139676Z","2026-05-21T21:39:53.376903Z","2026-05-21T21:39:53.1428Z","email","guest","Demo Camper","rv_74bad8e3d2f44c2cab"
"e4488181-4c5f-45e9-93fc-97b979e2ff93","quickcheckin-eea637b53821@example.com","2026-05-21T21:39:38.329033Z","2026-05-21T21:39:38.54151Z","2026-05-21T21:39:38.332045Z","email","guest","Demo Camper","rv_e44881814c5f45e993"
"e4dfedbf-3b96-4996-ad3c-15a61e7fb10f","quickcheckin-d6d863556d84@example.com","2026-05-21T21:39:28.4202Z","2026-05-21T21:39:28.644083Z","2026-05-21T21:39:28.429159Z","email","guest","Demo Camper","rv_e4dfedbf3b964996ad"
"dca3c29a-db91-4b40-abcc-d7f496eb2e7d","quickcheckin-ffdc7f9b785b@example.com","2026-05-21T21:39:08.022529Z","2026-05-21T21:39:08.378399Z","2026-05-21T21:39:08.052994Z","email","guest","Demo Camper","rv_dca3c29adb914b40ab"
"6a19e412-8a44-480c-b797-1601c879d9ac","quickcheckin-1d3feae8e5a4@example.com","2026-05-21T21:38:29.816604Z","2026-05-21T21:38:30.123852Z","2026-05-21T21:38:29.837055Z","email","guest","Demo Camper","rv_6a19e4128a44480cb7"
"23a54195-659d-454b-bd2d-55f1935b79c6","quickcheckin-704466ea8222@example.com","2026-05-21T21:36:54.586684Z","2026-05-21T21:36:55.808796Z","2026-05-21T21:36:54.593603Z","email","guest","Demo Camper","rv_23a54195659d454bbd"
"fe0480f4-2b20-4c2d-9894-53692f835420","quickcheckin-ee2688435a84@example.com","2026-05-21T21:36:29.496827Z","2026-05-21T21:36:30.763069Z","2026-05-21T21:36:29.501039Z","email","guest","Demo Camper","rv_fe0480f42b204c2d98"
"ade124db-5a5d-4c57-863f-6ce976411efb","quickcheckin-605586f4e654@example.com","2026-05-21T21:36:02.720748Z","2026-05-21T21:36:03.399186Z","2026-05-21T21:36:02.725719Z","email","guest","Demo Camper","rv_ade124db5a5d4c5786"
"ddf932f3-03f1-46d0-955b-fdfdb7486cdc","quickcheckin-e7e197d9c746@example.com","2026-05-21T21:35:45.333007Z","2026-05-21T21:35:46.158282Z","2026-05-21T21:35:45.367317Z","email","guest","Demo Camper","rv_ddf932f303f146d095"
"89429299-73aa-4ba0-b793-91eba5475509","quickcheckin-82b65393301f@example.com","2026-05-21T21:35:32.645011Z","2026-05-21T21:35:33.481214Z","2026-05-21T21:35:32.666235Z","email","guest","Demo Camper","rv_8942929973aa4ba0b7"
"a484c6da-b4d0-4d8d-9b67-351bc3dac7f3","quickcheckin-e4389c403234@example.com","2026-05-21T21:34:34.237196Z","2026-05-21T21:34:35.305683Z","2026-05-21T21:34:34.286489Z","email","guest","Demo Camper","rv_a484c6dab4d04d8d9b"
"0829b127-b1dd-4f5f-a188-65a3054acf5c","quickcheckin-2549645ac1ba@example.com","2026-05-21T21:03:08.571337Z","2026-05-21T21:03:08.868998Z","2026-05-21T21:03:08.62096Z","email","guest","Demo Camper","rv_0829b127b1dd4f5fa1"
"8f4d0db3-0be6-4973-9f76-7d2c8c226140","quickcheckin-c50214fce2a6@example.com","2026-05-21T21:02:10.067639Z","2026-05-21T21:02:10.477621Z","2026-05-21T21:02:10.098272Z","email","guest","Demo Camper","rv_8f4d0db30be649739f"
"99488ade-0842-4008-924f-a02ad3d5dffd","quickcheckin-8e11d04eab1c@example.com","2026-05-21T20:58:59.097646Z","2026-05-21T20:58:59.362596Z","2026-05-21T20:58:59.126178Z","email","guest","Demo Camper","rv_99488ade0842400892"
"a966bda3-5a86-4472-84a3-a3c48c01c060","quickcheckin-185e9ee55c07@example.com","2026-05-21T20:58:29.394936Z","2026-05-21T20:58:29.64977Z","2026-05-21T20:58:29.423503Z","email","guest","Demo Camper","rv_a966bda35a86447284"
"9acf1b9b-0753-42c8-a52b-45a2f603b779","quickcheckin-8ea91be444c2@example.com","2026-05-21T20:46:26.387057Z","2026-05-21T20:46:26.667597Z","2026-05-21T20:46:26.402919Z","email","guest","Demo Camper","rv_9acf1b9b075342c8a5"
"7a981d84-0ac7-484a-8067-662fd5e8bf78","quickcheckin-a34dcd9bea20@example.com","2026-05-21T20:44:57.971576Z","2026-05-21T20:44:58.32649Z","2026-05-21T20:44:58.020898Z","email","guest","Demo Camper","rv_7a981d840ac7484a80"
"450e956c-65af-4868-94ab-8cda0d10bfd5","quickcheckin-4a758096a63a@example.com","2026-05-21T20:37:10.297509Z","2026-05-21T20:37:10.569281Z","2026-05-21T20:37:10.343324Z","email","guest","Demo Camper","rv_450e956c65af486894"
"688f9eb8-ec26-4ed0-8ec3-c28e1b6f39a4","quickcheckin-46c0e1f8099d@example.com","2026-05-21T20:31:14.722896Z","2026-05-21T20:31:15.320711Z","2026-05-21T20:31:14.727054Z","email","guest","Demo Camper","rv_688f9eb8ec264ed08e"
"286a72e8-dbcb-4d8d-aa8a-56a0143c76b7","quickcheckin-05508f07c7dc@example.com","2026-05-21T20:30:56.324993Z","2026-05-21T20:30:57.921213Z","2026-05-21T20:30:56.344497Z","email","guest","Demo Camper","rv_286a72e8dbcb4d8daa"
"618fc9e3-1f88-4a76-b266-cccd16e1973b","quickcheckin-44556c15b724@example.com","2026-05-21T20:30:32.591875Z","2026-05-21T20:30:33.635512Z","2026-05-21T20:30:32.604276Z","email","guest","Demo Camper","rv_618fc9e31f884a76b2"
"14fca2e6-830e-40da-8a13-d784bca98a36","quickcheckin-67939e18a6ed@example.com","2026-05-21T20:30:07.684317Z","2026-05-21T20:30:08.759177Z","2026-05-21T20:30:07.698747Z","email","guest","Demo Camper","rv_14fca2e6830e40da8a"
"e978e8eb-f261-4bda-a862-e368879e3e8b","quickcheckin-8e146c537f33@example.com","2026-05-21T20:28:19.047349Z","2026-05-21T20:28:19.905615Z","2026-05-21T20:28:19.050546Z","email","guest","Demo Camper","rv_e978e8ebf2614bdaa8"
"53a56567-38e4-485b-bdb8-551636267308","quickcheckin-e716c0149b3a@example.com","2026-05-21T20:28:11.343521Z","2026-05-21T20:28:12.300519Z","2026-05-21T20:28:11.360577Z","email","guest","Demo Camper","rv_53a5656738e4485bbd"
"f5ac7bc6-5a69-4423-8f2f-e49f1bc6887f","quickcheckin-dbf7c4ba825e@example.com","2026-05-21T20:27:49.77921Z","2026-05-21T20:27:50.620011Z","2026-05-21T20:27:49.786295Z","email","guest","Demo Camper","rv_f5ac7bc65a6944238f"
"04e25fe9-7aa4-4c27-b54b-d94b3846295b","quickcheckin-4d013e040483@example.com","2026-05-21T20:27:34.294093Z","2026-05-21T20:27:35.068959Z","2026-05-21T20:27:34.310335Z","email","guest","Demo Camper","rv_04e25fe97aa44c27b5"
"d9107622-113a-4d9b-83ef-47620dafd866","quickcheckin-989de023ce1c@example.com","2026-05-21T20:26:02.066757Z","2026-05-21T20:26:02.800136Z","2026-05-21T20:26:02.125673Z","email","guest","Demo Camper","rv_d9107622113a4d9b83"
"85c0ff10-494e-496f-842b-6e856fb95891","quickcheckin-01432895799f@example.com","2026-05-21T20:24:48.506027Z","2026-05-21T20:24:49.222407Z","2026-05-21T20:24:48.509689Z","email","guest","Demo Camper","rv_85c0ff10494e496f84"
"4c285023-5829-4b41-85d4-5298a8fce0da","quickcheckin-020529fb2a5c@example.com","2026-05-21T20:24:34.118062Z","2026-05-21T20:24:34.697674Z","2026-05-21T20:24:34.128224Z","email","guest","Demo Camper","rv_4c28502358294b4185"
"34e42378-10f9-400b-a950-e1728414e37d","quickcheckin-959d49d6eb4d@example.com","2026-05-21T20:24:04.182454Z","2026-05-21T20:24:04.882057Z","2026-05-21T20:24:04.186136Z","email","guest","Demo Camper","rv_34e4237810f9400ba9"
"145173f8-eeed-4f70-8787-e97c3807b927","quickcheckin-7d37dbb48c88@example.com","2026-05-21T20:23:31.94124Z","2026-05-21T20:23:32.597923Z","2026-05-21T20:23:31.983402Z","email","guest","Demo Camper","rv_145173f8eeed4f7087"
"890c849a-0ed4-488f-bc38-dc6d8cc7ef7e","quickcheckin-7fa5aadb71a1@example.com","2026-05-21T20:21:44.598354Z","2026-05-21T20:21:45.189757Z","2026-05-21T20:21:44.605523Z","email","guest","Demo Camper","rv_890c849a0ed4488fbc"
"270f446b-3549-488b-bbe4-551d27d6b0b7","quickcheckin-8842e99bd445@example.com","2026-05-21T20:21:27.286466Z","2026-05-21T20:21:28.202439Z","2026-05-21T20:21:27.361127Z","email","guest","Demo Camper","rv_270f446b3549488bbb"
"1a20b840-4387-4e36-a5f1-48a5a30002d2","quickcheckin-2d042c8c9b29@example.com","2026-05-21T20:20:09.66629Z","2026-05-21T20:20:10.515489Z","2026-05-21T20:20:09.672064Z","email","guest","Demo Camper","rv_1a20b84043874e36a5"
"9ce213ee-fcca-4209-a8af-69580276d400","quickcheckin-90b415ca92db@example.com","2026-05-21T20:19:38.9813Z","2026-05-21T20:19:40.199173Z","2026-05-21T20:19:38.987061Z","email","guest","Demo Camper","rv_9ce213eefcca4209a8"
"9a52b720-0ed6-45e4-936c-0300a7e148fc","quickcheckin-d7fc6e546f97@example.com","2026-05-21T20:19:22.904442Z","2026-05-21T20:19:23.599486Z","2026-05-21T20:19:22.927111Z","email","guest","Demo Camper","rv_9a52b7200ed645e493"
"a371c26d-c336-4525-8766-15d64b037fd7","quickcheckin-8681ccc482ec@example.com","2026-05-21T20:09:08.36894Z","2026-05-21T20:09:08.707038Z","2026-05-21T20:09:08.41415Z","email","guest","Demo Camper","rv_a371c26dc336452587"
"75c701fb-bd33-42b1-b958-1d3f78ac3c20","quickcheckin-bd1e249f735c@example.com","2026-05-21T20:00:37.400381Z","2026-05-21T20:00:37.678091Z","2026-05-21T20:00:37.425494Z","email","guest","Demo Camper","rv_75c701fbbd3342b1b9"
"120c728e-0112-44b5-bade-6b211b45f9de","quickcheckin-3e247c151413@example.com","2026-05-21T19:54:06.551925Z","2026-05-21T19:54:07.901499Z","2026-05-21T19:54:06.555013Z","email","guest","Demo Camper","rv_120c728e011244b5ba"
"b4678a03-b5c8-4620-b927-013ffe58d091","quickcheckin-863780f9203c@example.com","2026-05-21T19:54:06.485965Z","2026-05-21T19:54:07.533881Z","2026-05-21T19:54:06.493281Z","email","guest","Demo Camper","rv_b4678a03b5c84620b9"
"6ca0da4c-0d57-4a06-a718-b4c2803bc181","quickcheckin-ebe73ec3098c@example.com","2026-05-21T19:53:45.553796Z","2026-05-21T19:53:48.831626Z","2026-05-21T19:53:45.581589Z","email","guest","Demo Camper","rv_6ca0da4c0d574a06a7"
"f1d850e3-5b24-4d32-8aeb-9f8269ec2a44","quickcheckin-5b8409cdaa75@example.com","2026-05-21T19:49:08.224492Z","2026-05-21T19:49:08.994896Z","2026-05-21T19:49:08.229137Z","email","guest","Demo Camper","rv_f1d850e35b244d328a"
"0205e33d-8b5a-43ae-b602-e694aa7d2206","quickcheckin-a213fab323d5@example.com","2026-05-21T19:49:06.187393Z","2026-05-21T19:49:07.04022Z","2026-05-21T19:49:06.212034Z","email","guest","Demo Camper","rv_0205e33d8b5a43aeb6"
"3370f38d-220d-4919-b8a0-061e74bff3da","quickcheckin-9d22e938a685@example.com","2026-05-21T19:48:41.629278Z","2026-05-21T19:48:43.325027Z","2026-05-21T19:48:41.654862Z","email","guest","Demo Camper","rv_3370f38d220d4919b8"
"6146ba92-30d8-44f7-a937-e207fb8d785d","quickcheckin-60f41b291458@example.com","2026-05-21T19:46:47.621105Z","2026-05-21T19:46:48.590779Z","2026-05-21T19:46:47.679615Z","email","guest","Demo Camper","rv_6146ba9230d844f7a9"
"2ea5fa17-8035-4f39-97ae-0786aa89aa04","quickcheckin-4535dd4d00c6@example.com","2026-05-21T18:39:44.372882Z","2026-05-21T18:39:44.649081Z","2026-05-21T18:39:44.403381Z","email","guest","Demo Camper","rv_2ea5fa1780354f3997"
"cf4b23e1-89e6-4bef-9fa2-2ea5aeb08c2f","quickcheckin-375beea85081@example.com","2026-05-21T18:31:39.961651Z","2026-05-21T18:31:40.878611Z","2026-05-21T18:31:39.965884Z","email","guest","Demo Camper","rv_cf4b23e189e64bef9f"
"9a7c2003-8aa6-4968-a596-13796c2d045f","quickcheckin-d15b48bfddb2@example.com","2026-05-21T18:31:36.475538Z","2026-05-21T18:31:37.3478Z","2026-05-21T18:31:36.513269Z","email","guest","Demo Camper","rv_9a7c20038aa64968a5"
"a5a1bc33-7415-4a81-a580-14d18e115197","quickcheckin-ca16aab8e69a@example.com","2026-05-21T18:14:08.484636Z","2026-05-21T18:14:08.850443Z","2026-05-21T18:14:08.532856Z","email","guest","Demo Camper","rv_a5a1bc3374154a81a5"
"215f825e-3020-4630-8a5a-fcad50c0ade5","quickcheckin-5f20fe7e9c1f@example.com","2026-05-21T18:01:25.038931Z","2026-05-21T18:01:25.398047Z","2026-05-21T18:01:25.096445Z","email","guest","Demo Camper","rv_215f825e302046308a"
"03254e90-8ca4-47d6-be9e-7f5536c87b9d","quickcheckin-8c3ada7e181e@example.com","2026-05-21T17:54:06.117616Z","2026-05-21T17:54:06.773511Z","2026-05-21T17:54:06.122206Z","email","guest","Demo Camper","rv_03254e908ca447d6be"
"44e1e005-88b2-4711-b796-28cee8433edb","quickcheckin-fb8a013b4519@example.com","2026-05-21T17:54:05.522755Z","2026-05-21T17:54:06.431622Z","2026-05-21T17:54:05.545266Z","email","guest","Demo Camper","rv_44e1e00588b24711b7"
"3b981201-bc34-4f22-9433-bedcf29d3bbb","quickcheckin-a441f770af0f@example.com","2026-05-21T17:52:24.741819Z","2026-05-21T17:52:25.644321Z","2026-05-21T17:52:24.791362Z","email","guest","Demo Camper","rv_3b981201bc344f2294"
"e2382885-98c2-4aae-8c44-15d7d5a45ce8","quickcheckin-629ca953e808@example.com","2026-05-21T17:00:30.110092Z","2026-05-21T17:00:30.608698Z","2026-05-21T17:00:30.201074Z","email","guest","Demo Camper","rv_e238288598c24aae8c"
"f34302d9-afc7-4011-bc10-2901d908c9be","quickcheckin-c6915713f8c1@example.com","2026-05-21T16:36:49.901064Z","2026-05-21T16:36:50.21648Z","2026-05-21T16:36:49.949977Z","email","guest","Demo Camper","rv_f34302d9afc74011bc"
"c3c018d6-68b9-4a0a-a7b8-5afac809dd12","quickcheckin-4de4d2ab8d94@example.com","2026-05-21T16:32:36.364565Z","2026-05-21T16:32:36.732183Z","2026-05-21T16:32:36.436917Z","email","guest","Demo Camper","rv_c3c018d668b94a0aa7"
"4089a77f-bf31-4830-a6f7-c4feefa06e4a","quickcheckin-db2b3dc47822@example.com","2026-05-21T15:41:57.686918Z","2026-05-21T15:41:57.959723Z","2026-05-21T15:41:57.71225Z","email","guest","Demo Camper","rv_4089a77fbf314830a6"
"3df8bb6d-1c61-41cc-a2c7-a594baf861da","quickcheckin-5a5db7bcfaff@example.com","2026-05-21T15:29:56.424218Z","2026-05-21T15:29:56.753646Z","2026-05-21T15:29:56.468416Z","email","guest","Demo Camper","rv_3df8bb6d1c6141cca2"
"4e98076e-a31f-4a4d-9c22-3837f51424d6","quickcheckin-acc9ed1c16b7@example.com","2026-05-21T15:20:17.591179Z","2026-05-21T15:20:17.963485Z","2026-05-21T15:20:17.652467Z","email","guest","Demo Camper","rv_4e98076ea31f4a4d9c"
"daff3553-8873-439e-b0c8-70da4c072b27","quickcheckin-0795cebd0ae0@example.com","2026-05-21T15:06:14.332423Z","2026-05-21T15:06:14.66721Z","2026-05-21T15:06:14.36936Z","email","guest","Demo Camper","rv_daff35538873439eb0"
"71a9662a-8dae-4dfc-9052-a282985e09f9","quickcheckin-ff2ce0aab4a7@example.com","2026-05-21T14:58:47.251055Z","2026-05-21T14:58:47.53972Z","2026-05-21T14:58:47.305591Z","email","guest","Demo Camper","rv_71a9662a8dae4dfc90"
"e25b5628-3eaa-49f0-964c-110f6aebc5d4","quickcheckin-6c813cd3523e@example.com","2026-05-21T14:34:40.308269Z","2026-05-21T14:34:40.764932Z","2026-05-21T14:34:40.382686Z","email","guest","Demo Camper","rv_e25b56283eaa49f096"
"f0586df8-460e-4d42-8e5e-c8ea3a50f4b7","quickcheckin-be0300bcc3f8@example.com","2026-05-21T14:14:20.692058Z","2026-05-21T14:14:21.051361Z","2026-05-21T14:14:20.761574Z","email","guest","Demo Camper","rv_f0586df8460e4d428e"
"4fbfdaa6-ef28-4235-bfe8-fb5373485e2b","quickcheckin-fe117ee49b2d@example.com","2026-05-21T13:58:31.454765Z","2026-05-21T13:58:31.886326Z","2026-05-21T13:58:31.519375Z","email","guest","Demo Camper","rv_4fbfdaa6ef284235bf"
"aca489ec-28fd-4bde-a95a-583021dfbc1d","quickcheckin-c581db8b4194@example.com","2026-05-21T13:40:44.510076Z","2026-05-21T13:40:44.830232Z","2026-05-21T13:40:44.566074Z","email","guest","Demo Camper","rv_aca489ec28fd4bdea9"
"4c71165a-5394-48e4-9337-2b3d95d988bd","quickcheckin-b6b5a7be4219@example.com","2026-05-21T13:12:11.875588Z","2026-05-21T13:12:12.350496Z","2026-05-21T13:12:11.979837Z","email","guest","Demo Camper","rv_4c71165a539448e493"
"85cfbf04-1a9a-4ebd-97a3-a87d2321399f","quickcheckin-6acf14a7e4e1@example.com","2026-05-21T12:53:15.241862Z","2026-05-21T12:53:15.633307Z","2026-05-21T12:53:15.347181Z","email","guest","Demo Camper","rv_85cfbf041a9a4ebd97"
"cc6bfdca-df83-42db-a0bd-33f056d15135","quickcheckin-12b9d70c18d4@example.com","2026-05-21T10:52:59.187049Z","2026-05-21T10:52:59.464395Z","2026-05-21T10:52:59.210993Z","email","guest","Demo Camper","rv_cc6bfdcadf8342dba0"
"7706bd76-5df0-4b70-b528-cb79e2633616","quickcheckin-86f7d6dcd1cd@example.com","2026-05-21T10:51:44.521875Z","2026-05-21T10:51:44.92529Z","2026-05-21T10:51:44.540269Z","email","guest","Demo Camper","rv_7706bd765df04b70b5"
"3b71518f-584c-4a53-ab43-ff5e9a59cc8b","quickcheckin-49e1e48bc114@example.com","2026-05-21T10:46:56.590597Z","2026-05-21T10:46:56.936598Z","2026-05-21T10:46:56.639763Z","email","guest","Demo Camper","rv_3b71518f584c4a53ab"
"389b8f99-5279-4a19-9e2a-ac781fee63d7","quickcheckin-2398fb66afe3@example.com","2026-05-21T10:38:06.453206Z","2026-05-21T10:38:06.697115Z","2026-05-21T10:38:06.476808Z","email","guest","Demo Camper","rv_389b8f9952794a199e"
"ba827b21-48f8-4816-8738-61e8f5feb3f1","quickcheckin-11e276fd14bf@example.com","2026-05-21T10:33:14.557819Z","2026-05-21T10:33:14.896357Z","2026-05-21T10:33:14.583741Z","email","guest","Demo Camper","rv_ba827b2148f8481687"
"d9c6926a-2682-4fc5-b02c-cbcebec630c2","quickcheckin-39ac8dedd1af@example.com","2026-05-21T10:26:39.578133Z","2026-05-21T10:26:39.839376Z","2026-05-21T10:26:39.605574Z","email","guest","Demo Camper","rv_d9c6926a26824fc5b0"
"61087fd1-966a-4d4b-bd3d-172c1c8e0a89","quickcheckin-d2cff21faa2f@example.com","2026-05-21T10:23:22.701923Z","2026-05-21T10:23:22.97634Z","2026-05-21T10:23:22.738343Z","email","guest","Demo Camper","rv_61087fd1966a4d4bbd"
"7dd46179-a29d-4f8c-bcec-7b84a21a065d","quickcheckin-5263d6af4088@example.com","2026-05-21T10:22:37.836137Z","2026-05-21T10:22:38.315647Z","2026-05-21T10:22:37.904337Z","email","guest","Demo Camper","rv_7dd46179a29d4f8cbc"
"b581dbb0-3e16-4bf3-8cd4-fbdf43a99809","quickcheckin-a775f56fd13b@example.com","2026-05-21T00:20:35.263569Z","2026-05-21T00:20:35.673897Z","2026-05-21T00:20:35.357876Z","email","guest","Demo Camper","rv_b581dbb03e164bf38c"
"8b56e557-e3db-4e1d-a778-1b9b72c78034","quickcheckin-cb53e66efcb6@example.com","2026-05-20T22:17:34.871495Z","2026-05-20T22:17:35.221479Z","2026-05-20T22:17:34.946392Z","email","guest","Demo Camper","rv_8b56e557e3db4e1da7"
"7cb78274-5207-4c27-9e66-b9047ea36c38","quickcheckin-69904797b65b@example.com","2026-05-20T22:03:17.851848Z","2026-05-20T22:03:18.182233Z","2026-05-20T22:03:17.909669Z","email","guest","Demo Camper","rv_7cb7827452074c279e"
"0b5ba531-d961-4a7c-b103-f492bb7f4256","quickcheckin-12ea9a430dec@example.com","2026-05-20T21:40:40.145479Z","2026-05-20T21:40:40.537033Z","2026-05-20T21:40:40.267519Z","email","guest","Demo Camper","rv_0b5ba531d9614a7cb1"
"6662f2b2-26dd-45cc-b01f-90372d5e00b9","quickcheckin-441a7811850c@example.com","2026-05-20T21:20:00.734743Z","2026-05-20T21:20:01.066123Z","2026-05-20T21:20:00.771879Z","email","guest","Demo Camper","rv_6662f2b226dd45ccb0"
"c762fb60-2156-4ac0-b59a-29992ba5d3f3","quickcheckin-ca546fd4a315@example.com","2026-05-20T20:53:26.080209Z","2026-05-20T20:53:26.367586Z","2026-05-20T20:53:26.128812Z","email","guest","Demo Camper","rv_c762fb6021564ac0b5"
"460055c2-07ff-4b24-b001-9d8743e74440","quickcheckin-351fe9879e6a@example.com","2026-05-20T20:39:45.293766Z","2026-05-20T20:39:45.582535Z","2026-05-20T20:39:45.315305Z","email","guest","Demo Camper","rv_460055c207ff4b24b0"
"7e57ba9a-e6fa-4542-86eb-038a3907251e","quickcheckin-a81701ce860f@example.com","2026-05-20T20:30:42.868714Z","2026-05-20T20:30:43.222383Z","2026-05-20T20:30:42.910519Z","email","guest","Demo Camper","rv_7e57ba9ae6fa454286"
"206939e9-0d5f-455c-8eaf-94d166748ffa","quickcheckin-e974fb465ac8@example.com","2026-05-20T20:11:31.584465Z","2026-05-20T20:11:31.878777Z","2026-05-20T20:11:31.616339Z","email","guest","Demo Camper","rv_206939e90d5f455c8e"
"926db118-6926-463a-a897-c05a604261ea","quickcheckin-5c639e698cac@example.com","2026-05-20T20:06:05.232687Z","2026-05-20T20:06:05.59069Z","2026-05-20T20:06:05.29717Z","email","guest","Demo Camper","rv_926db1186926463aa8"
"03fe33e9-5df5-4e67-a79f-c3cf14254953","quickcheckin-f56c280a438b@example.com","2026-05-20T19:50:00.506802Z","2026-05-20T19:50:00.811352Z","2026-05-20T19:50:00.544527Z","email","guest","Demo Camper","rv_03fe33e95df54e67a7"
"561e9f97-dbee-46df-8a8d-71acea8e3cb6","quickcheckin-c4712b9ecdb3@example.com","2026-05-20T19:16:32.554021Z","2026-05-20T19:16:32.938004Z","2026-05-20T19:16:32.632399Z","email","guest","Demo Camper","rv_561e9f97dbee46df8a"
"27b776c9-6248-4da1-96de-0a930f77de4d","quickcheckin-c4b74fc9a39d@example.com","2026-05-20T18:56:42.818458Z","2026-05-20T18:56:43.182607Z","2026-05-20T18:56:42.853203Z","email","guest","Demo Camper","rv_27b776c962484da196"
"c4750a61-296e-4612-9bd7-50f867e7d4f9","quickcheckin-d18f42191873@example.com","2026-05-20T18:51:19.087907Z","2026-05-20T18:51:19.646045Z","2026-05-20T18:51:19.22207Z","email","guest","Demo Camper","rv_c4750a61296e46129b"
"a1a3c516-9e2a-49a9-a941-405fb2a7dfff","quickcheckin-acc7eb536873@example.com","2026-05-20T18:42:29.458048Z","2026-05-20T18:42:29.828885Z","2026-05-20T18:42:29.500588Z","email","guest","Demo Camper","rv_a1a3c5169e2a49a9a9"
"086c69df-7dfc-4ddb-9d7b-ca8ffac07eeb","quickcheckin-d23c29220854@example.com","2026-05-20T18:34:59.346501Z","2026-05-20T18:34:59.64399Z","2026-05-20T18:34:59.37509Z","email","guest","Demo Camper","rv_086c69df7dfc4ddb9d"
"9a308d29-21e2-4d51-96e4-698c3a1bd288","quickcheckin-1cd6125499f3@example.com","2026-05-20T18:28:31.861553Z","2026-05-20T18:28:32.258369Z","2026-05-20T18:28:31.90242Z","email","guest","Demo Camper","rv_9a308d2921e24d5196"
"aece27da-357a-4d84-9f61-c124e119aa19","quickcheckin-783fc1f4b8c6@example.com","2026-05-20T18:14:10.284869Z","2026-05-20T18:14:10.720331Z","2026-05-20T18:14:10.44434Z","email","guest","Demo Camper","rv_aece27da357a4d849f"
"43eff1b0-f2a6-4e49-8e08-f0c65f7a10d5","quickcheckin-06566319e37a@example.com","2026-05-20T18:02:48.243065Z","2026-05-20T18:02:48.598683Z","2026-05-20T18:02:48.307306Z","email","guest","Demo Camper","rv_43eff1b0f2a64e498e"
"fb8eb31a-1348-4bc1-a368-e44c6d7ca5c7","quickcheckin-6f42867c7bc7@example.com","2026-05-20T17:48:58.342361Z","2026-05-20T17:48:58.641061Z","2026-05-20T17:48:58.377366Z","email","guest","Demo Camper","rv_fb8eb31a13484bc1a3"
"03ba64e3-908a-4321-9cec-8409010ac481","quickcheckin-12781b024428@example.com","2026-05-20T17:20:26.132004Z","2026-05-20T17:20:26.532495Z","2026-05-20T17:20:26.210447Z","email","guest","Demo Camper","rv_03ba64e3908a43219c"
"81c12348-ab08-4698-a2cb-1de74af59c22","quickcheckin-f3d85fd47635@example.com","2026-05-20T16:32:17.912475Z","2026-05-20T16:32:18.150716Z","2026-05-20T16:32:17.921737Z","email","guest","Demo Camper","rv_81c12348ab084698a2"
"7813dc27-3001-4a86-8ef3-1c6881c6a9ca","quickcheckin-157992b0539b@example.com","2026-05-20T16:32:14.416187Z","2026-05-20T16:32:14.651411Z","2026-05-20T16:32:14.419332Z","email","guest","Demo Camper","rv_7813dc2730014a868e"
"ae2615d3-fe1b-4e40-8428-3de5a70a8275","quickcheckin-346331621d13@example.com","2026-05-20T16:32:12.666064Z","2026-05-20T16:32:12.972587Z","2026-05-20T16:32:12.718058Z","email","guest","Demo Camper","rv_ae2615d3fe1b4e4084"
"bef4798f-cb74-42e4-923f-db34e84653b9","quickcheckin-b29fd57a47c3@example.com","2026-05-20T16:31:03.414326Z","2026-05-20T16:31:03.773445Z","2026-05-20T16:31:03.456911Z","email","guest","Demo Camper","rv_bef4798fcb7442e492"
"57bb39cd-6938-4e12-b7b3-ff6079cb55c2","quickcheckin-178189ebc36c@example.com","2026-05-20T15:58:36.93453Z","2026-05-20T15:58:37.329125Z","2026-05-20T15:58:37.010104Z","email","guest","Demo Camper","rv_57bb39cd69384e12b7"
"e632071f-0603-4a8c-b36f-621c867f5314","quickcheckin-fd6bfc598441@example.com","2026-05-20T15:47:48.881794Z","2026-05-20T15:47:49.103511Z","2026-05-20T15:47:48.887099Z","email","guest","Demo Camper","rv_e632071f06034a8cb3"
"9627dc65-cc71-4f8d-aec2-14e1ba4c9d27","quickcheckin-d72a23d8a26b@example.com","2026-05-20T15:47:44.892167Z","2026-05-20T15:47:45.113643Z","2026-05-20T15:47:44.895331Z","email","guest","Demo Camper","rv_9627dc65cc714f8dae"
"a6b41562-7ecc-4baf-aa18-85ee45ce0aa4","quickcheckin-6b294eb4a9d8@example.com","2026-05-20T15:47:43.172751Z","2026-05-20T15:47:43.449678Z","2026-05-20T15:47:43.18069Z","email","guest","Demo Camper","rv_a6b415627ecc4bafaa"
"763db9b7-bc76-43c0-ad4b-22b2fa8386d6","quickcheckin-8e4f26955e55@example.com","2026-05-20T15:47:34.111866Z","2026-05-20T15:47:34.411682Z","2026-05-20T15:47:34.147892Z","email","guest","Demo Camper","rv_763db9b7bc7643c0ad"
"11db4231-cee8-4bae-a4be-4b84b3d03ea3","quickcheckin-90db0b3f1e4d@example.com","2026-05-20T15:41:55.256857Z","2026-05-20T15:41:56.010157Z","2026-05-20T15:41:55.261176Z","email","guest","Demo Camper","rv_11db4231cee84baea4"
"ca4576ca-8012-4f2e-81ff-967ae680aa5e","quickcheckin-dc9e8df2acc7@example.com","2026-05-20T15:41:47.588298Z","2026-05-20T15:41:48.313172Z","2026-05-20T15:41:47.593922Z","email","guest","Demo Camper","rv_ca4576ca80124f2e81"
"188e4725-df11-4d99-ae22-f8fc71492a9b","quickcheckin-bb9b9ca648e0@example.com","2026-05-20T15:41:45.182908Z","2026-05-20T15:41:45.856566Z","2026-05-20T15:41:45.241187Z","email","guest","Demo Camper","rv_188e4725df114d99ae"
"01dc4cb5-b72a-4db2-83ac-6096e60c0002","quickcheckin-ecdd5441bc02@example.com","2026-05-20T15:23:35.26576Z","2026-05-20T15:23:35.682329Z","2026-05-20T15:23:35.407238Z","email","guest","Demo Camper","rv_01dc4cb5b72a4db283"
"1bffb50f-4e52-4c4d-b058-a4263abfcf7b","quickcheckin-6c8eca3581f6@example.com","2026-05-20T15:21:05.515443Z","2026-05-20T15:21:05.764458Z","2026-05-20T15:21:05.543866Z","email","guest","Demo Camper","rv_1bffb50f4e524c4db0"
"72bee3eb-cc49-46c4-8b13-e51532e786ec","quickcheckin-40ccacc25da8@example.com","2026-05-20T15:21:00.564013Z","2026-05-20T15:21:00.8337Z","2026-05-20T15:21:00.59029Z","email","guest","Demo Camper","rv_72bee3ebcc4946c48b"
"0999c662-71e3-468b-b11c-de3fb330b043","quickcheckin-837fad4287b3@example.com","2026-05-20T15:21:00.561255Z","2026-05-20T15:21:00.85482Z","2026-05-20T15:21:00.594578Z","email","guest","Demo Camper","rv_0999c66271e3468bb1"
"d1146220-b886-4ee4-ab07-a7adb6b1ed37","quickcheckin-82b9ac992626@example.com","2026-05-20T15:15:05.942897Z","2026-05-20T15:15:06.473072Z","2026-05-20T15:15:05.94746Z","email","guest","Demo Camper","rv_d1146220b8864ee4ab"
"ebbc921a-a895-44f5-9f94-c51f439c6c92","quickcheckin-dd55a34a27d5@example.com","2026-05-20T15:14:59.391634Z","2026-05-20T15:15:00.034966Z","2026-05-20T15:14:59.398298Z","email","guest","Demo Camper","rv_ebbc921aa89544f59f"
"fde64899-e778-4560-855f-1941332d51dc","quickcheckin-69f2bb0e6e25@example.com","2026-05-20T15:14:57.531448Z","2026-05-20T15:14:58.209398Z","2026-05-20T15:14:57.576735Z","email","guest","Demo Camper","rv_fde64899e778456085"
"800e4c46-7e11-475d-8378-54660f6af309","quickcheckin-d2dc5fbcfc04@example.com","2026-05-20T14:28:03.341131Z","2026-05-20T14:28:03.623691Z","2026-05-20T14:28:03.376438Z","email","guest","Demo Camper","rv_800e4c467e11475d83"
"f104bb95-c8ec-413d-a62c-44651f561d50","quickcheckin-76e8d2b906ff@example.com","2026-05-20T14:25:04.217233Z","2026-05-20T14:25:04.698199Z","2026-05-20T14:25:04.258191Z","email","guest","Demo Camper","rv_f104bb95c8ec413da6"
"b3ae3235-e458-442b-a1a2-d0b9d9a52506","quickcheckin-476609c8e584@example.com","2026-05-20T14:18:57.200777Z","2026-05-20T14:18:57.792791Z","2026-05-20T14:18:57.20379Z","email","guest","Demo Camper","rv_b3ae3235e458442ba1"
"c145129a-8ed1-4624-af1a-21ac8eefa484","quickcheckin-5dd9b854943a@example.com","2026-05-20T14:18:50.747811Z","2026-05-20T14:18:51.336344Z","2026-05-20T14:18:50.753342Z","email","guest","Demo Camper","rv_c145129a8ed14624af"
"2c2973f5-3e12-4c0b-9a8f-837db457b974","quickcheckin-62263c537282@example.com","2026-05-20T14:18:48.470935Z","2026-05-20T14:18:49.105922Z","2026-05-20T14:18:48.525587Z","email","guest","Demo Camper","rv_2c2973f53e124c0b9a"
"7bc68325-37fd-41f8-aba1-1644b0a83840","quickcheckin-3d8c9a8c5797@example.com","2026-05-20T14:02:24.315518Z","2026-05-20T14:02:24.624737Z","2026-05-20T14:02:24.35962Z","email","guest","Demo Camper","rv_7bc6832537fd41f8ab"
"c5ebc38c-a1af-4000-8e62-5771e6f27dc0","quickcheckin-173711442f62@example.com","2026-05-20T13:54:46.018057Z","2026-05-20T13:54:46.265492Z","2026-05-20T13:54:46.024334Z","email","guest","Demo Camper","rv_c5ebc38ca1af40008e"
"49bd1312-1452-478a-9e50-2abb4b0bd2eb","quickcheckin-1cdf9bce8903@example.com","2026-05-20T13:54:41.95946Z","2026-05-20T13:54:42.22497Z","2026-05-20T13:54:41.966053Z","email","guest","Demo Camper","rv_49bd13121452478a9e"
"b12c6eae-f5e0-40ac-8e8a-911d7b683ba4","quickcheckin-65a5bb9ed58b@example.com","2026-05-20T13:54:39.423574Z","2026-05-20T13:54:39.780505Z","2026-05-20T13:54:39.494954Z","email","guest","Demo Camper","rv_b12c6eaef5e040ac8e"
"1f737cb0-4d82-4e14-86e6-49c664829cfd","quickcheckin-be2b7bd654e6@example.com","2026-05-20T13:35:08.946505Z","2026-05-20T13:35:09.214193Z","2026-05-20T13:35:08.949395Z","email","guest","Demo Camper","rv_1f737cb04d824e1486"
"4e3b9252-a725-450c-b12c-bc6120f800fd","quickcheckin-da4900689569@example.com","2026-05-20T13:35:02.456628Z","2026-05-20T13:35:02.782135Z","2026-05-20T13:35:02.489373Z","email","guest","Demo Camper","rv_4e3b9252a725450cb1"
"a20fa0d7-3fb6-4d8f-8814-78d989f780f5","quickcheckin-6bb62088c947@example.com","2026-05-20T13:30:40.231887Z","2026-05-20T13:30:40.674549Z","2026-05-20T13:30:40.253346Z","email","guest","Demo Camper","rv_a20fa0d73fb64d8f88"
"7a37d79b-6a29-4c33-bf34-b16eb7c1a6b4","quickcheckin-eefbe29145b3@example.com","2026-05-20T13:30:34.553023Z","2026-05-20T13:30:34.950847Z","2026-05-20T13:30:34.559912Z","email","guest","Demo Camper","rv_7a37d79b6a294c33bf"
"1c972ae6-ea5d-4ddc-904c-b91577050f8f","quickcheckin-dc2718b1f620@example.com","2026-05-20T13:30:34.38847Z","2026-05-20T13:30:34.941182Z","2026-05-20T13:30:34.488283Z","email","guest","Demo Camper","rv_1c972ae6ea5d4ddc90"
"af7422ba-deb0-4d83-8a65-4c8ebe30b936","quickcheckin-24629a362d10@example.com","2026-05-20T13:10:28.610603Z","2026-05-20T13:10:29.166276Z","2026-05-20T13:10:28.682736Z","email","guest","Demo Camper","rv_af7422badeb04d838a"
"28756376-c2cd-4292-be79-685bec4095c5","quickcheckin-ec7d09b22d45@example.com","2026-05-20T13:04:28.109138Z","2026-05-20T13:04:28.331602Z","2026-05-20T13:04:28.115713Z","email","guest","Demo Camper","rv_28756376c2cd4292be"
"00ca1a6e-834f-4c04-bda4-0a2e7436cc12","quickcheckin-156e26ca89da@example.com","2026-05-20T13:04:23.099724Z","2026-05-20T13:04:23.404697Z","2026-05-20T13:04:23.116336Z","email","guest","Demo Camper","rv_00ca1a6e834f4c04bd"
"7e5475c1-e0d1-4b6b-93da-93d18b693ecd","quickcheckin-ee61dd7ac4f9@example.com","2026-05-20T13:03:09.965826Z","2026-05-20T13:03:10.266911Z","2026-05-20T13:03:10.002769Z","email","guest","Demo Camper","rv_7e5475c1e0d14b6b93"
"47e593c4-0f58-4e87-8828-94153cea7e23","quickcheckin-6d13477254e4@example.com","2026-05-20T12:44:21.84654Z","2026-05-20T12:44:22.079493Z","2026-05-20T12:44:21.850372Z","email","guest","Demo Camper","rv_47e593c40f584e8788"
"ce9ae1b2-d522-4949-a779-a75649747dcc","quickcheckin-38d74416934a@example.com","2026-05-20T12:44:18.102979Z","2026-05-20T12:44:18.397635Z","2026-05-20T12:44:18.105939Z","email","guest","Demo Camper","rv_ce9ae1b2d5224949a7"
"99ccad4c-9b49-474c-a86d-139a289855ab","quickcheckin-6255f2db205c@example.com","2026-05-20T12:44:16.532549Z","2026-05-20T12:44:16.869619Z","2026-05-20T12:44:16.588698Z","email","guest","Demo Camper","rv_99ccad4c9b49474ca8"
"873bf6c2-4ff0-469a-a8d8-659a9e898c01","quickcheckin-b11a86d7d276@example.com","2026-05-20T12:43:33.861541Z","2026-05-20T12:43:34.150563Z","2026-05-20T12:43:33.887076Z","email","guest","Demo Camper","rv_873bf6c24ff0469aa8"
"27d27cdf-408b-4af6-b818-e3578a8957c9","quickcheckin-cb1a3c148866@example.com","2026-05-20T12:39:27.451027Z","2026-05-20T12:39:28.267455Z","2026-05-20T12:39:27.457055Z","email","guest","Demo Camper","rv_27d27cdf408b4af6b8"
"094ab1b6-c7d5-4206-a424-3184b89ea04d","quickcheckin-3135464d09c9@example.com","2026-05-20T12:39:23.338871Z","2026-05-20T12:39:23.575509Z","2026-05-20T12:39:23.342413Z","email","guest","Demo Camper","rv_094ab1b6c7d54206a4"
"51eda180-ac6c-4554-832f-896feb586721","quickcheckin-9ff5e8d346e2@example.com","2026-05-20T12:39:21.334024Z","2026-05-20T12:39:21.627542Z","2026-05-20T12:39:21.356512Z","email","guest","Demo Camper","rv_51eda180ac6c455483"
"b10e2fcb-9eed-4b7b-8ca6-012751dcee87","quickcheckin-71689bc53e16@example.com","2026-05-20T12:35:11.142837Z","2026-05-20T12:35:11.358971Z","2026-05-20T12:35:11.154411Z","email","guest","Demo Camper","rv_b10e2fcb9eed4b7b8c"
"d446c49c-7132-4165-90a9-4198cea2a72d","quickcheckin-469f42707d50@example.com","2026-05-20T12:35:07.017266Z","2026-05-20T12:35:07.24847Z","2026-05-20T12:35:07.024075Z","email","guest","Demo Camper","rv_d446c49c7132416590"
"44870a23-3394-40f4-bf81-b42f55cc657b","quickcheckin-3fbae3baa191@example.com","2026-05-20T12:34:01.897875Z","2026-05-20T12:34:02.138862Z","2026-05-20T12:34:01.900824Z","email","guest","Demo Camper","rv_44870a23339440f4bf"
"27b531b0-1e54-48f5-9e97-4d0baf58461b","quickcheckin-fcd601217539@example.com","2026-05-20T12:33:58.602518Z","2026-05-20T12:33:58.853252Z","2026-05-20T12:33:58.606045Z","email","guest","Demo Camper","rv_27b531b01e5448f59e"
"d828f1e7-3afc-45a8-96a7-f2aa2dfa2ea0","quickcheckin-1f5a5088b34c@example.com","2026-05-20T12:33:56.941963Z","2026-05-20T12:33:57.214799Z","2026-05-20T12:33:56.980452Z","email","guest","Demo Camper","rv_d828f1e73afc45a896"
"4d9b6736-e03e-40a0-8609-98e089b67875","quickcheckin-bb0b9a0c6e32@example.com","2026-05-20T12:26:40.38707Z","2026-05-20T12:26:40.812505Z","2026-05-20T12:26:40.42742Z","email","guest","Demo Camper","rv_4d9b6736e03e40a086"
"41b4583c-d62e-4c49-9b46-40ed27ae17d7","quickcheckin-1e102541bf28@example.com","2026-05-20T12:10:56.976307Z","2026-05-20T12:10:57.472801Z","2026-05-20T12:10:57.037788Z","email","guest","Demo Camper","rv_41b4583cd62e4c499b"
"d1e8e7de-2ec5-48b5-8d67-39e93e6acf45","quickcheckin-d04f6d091c3b@example.com","2026-05-20T11:02:08.454008Z","2026-05-20T11:02:09.548688Z","2026-05-20T11:02:08.456993Z","email","guest","Demo Camper","rv_d1e8e7de2ec548b58d"
"8729ff40-e3a8-46bf-a35d-e910a8206c65","quickcheckin-b80a202597ba@example.com","2026-05-20T11:02:01.450758Z","2026-05-20T11:02:02.303448Z","2026-05-20T11:02:01.455293Z","email","guest","Demo Camper","rv_8729ff40e3a846bfa3"
"aaf45054-9675-402f-92c9-d493bff9c8de","quickcheckin-2f414f174787@example.com","2026-05-20T11:02:00.029895Z","2026-05-20T11:02:00.785532Z","2026-05-20T11:02:00.059731Z","email","guest","Demo Camper","rv_aaf450549675402f92"
"81cdb024-6ffa-48cb-bcac-89d6a00839ec","quickcheckin-5380121d5bc0@example.com","2026-05-20T10:48:51.073422Z","2026-05-20T10:48:51.363238Z","2026-05-20T10:48:51.114767Z","email","guest","Demo Camper","rv_81cdb0246ffa48cbbc"
"2f7c108d-265d-47cb-90ce-3e7a0f4860c4","quickcheckin-b239ce227248@example.com","2026-05-20T10:38:29.647416Z","2026-05-20T10:38:29.99104Z","2026-05-20T10:38:29.72305Z","email","guest","Demo Camper","rv_2f7c108d265d47cb90"
"b0400566-dea9-4f2b-9e52-b6d5e20ed13f","quickcheckin-37f4be94bba2@example.com","2026-05-20T10:31:23.759148Z","2026-05-20T10:31:24.383857Z","2026-05-20T10:31:23.762695Z","email","guest","Demo Camper","rv_b0400566dea94f2b9e"
"6026fe93-2d9f-4d7c-988b-4bcfdea07eb7","quickcheckin-2ac64c46712c@example.com","2026-05-20T10:31:16.742178Z","2026-05-20T10:31:17.521381Z","2026-05-20T10:31:16.81189Z","email","guest","Demo Camper","rv_6026fe932d9f4d7c98"
"9d87ba61-ff28-4c35-8bb3-1d96365f9d85","quickcheckin-6d73c29082ae@example.com","2026-05-20T10:30:20.356612Z","2026-05-20T10:30:21.266889Z","2026-05-20T10:30:20.364349Z","email","guest","Demo Camper","rv_9d87ba61ff284c358b"
"97ea2ec0-6b6f-4d75-809c-f0646a774e45","quickcheckin-28400e51cb1e@example.com","2026-05-20T10:30:13.562454Z","2026-05-20T10:30:14.162358Z","2026-05-20T10:30:13.56643Z","email","guest","Demo Camper","rv_97ea2ec06b6f4d7580"
"2cf7f4aa-cbce-48b0-a4e2-9f524da63abd","quickcheckin-6cd0f607e7e6@example.com","2026-05-20T10:30:11.035372Z","2026-05-20T10:30:11.720026Z","2026-05-20T10:30:11.117691Z","email","guest","Demo Camper","rv_2cf7f4aacbce48b0a4"
"18d09bc9-7b6e-491a-9c11-cb93bb85e229","quickcheckin-ebc0caccb53f@example.com","2026-05-20T00:11:41.442827Z","2026-05-20T00:11:41.810466Z","2026-05-20T00:11:41.515414Z","email","guest","Demo Camper","rv_18d09bc97b6e491a9c"
"2726936e-988c-4bb9-a10e-28e845201714","quickcheckin-80ecaa618169@example.com","2026-05-20T00:05:00.403126Z","2026-05-20T00:05:01.798675Z","2026-05-20T00:05:00.449958Z","email","guest","Demo Camper","rv_2726936e988c4bb9a1"
"d2b9e61c-e386-4bc6-b3fc-99073925bbda","quickcheckin-507fa3333621@example.com","2026-05-20T00:04:52.246556Z","2026-05-20T00:04:52.791709Z","2026-05-20T00:04:52.254386Z","email","guest","Demo Camper","rv_d2b9e61ce3864bc6b3"
"798cd9c7-fb0e-43e6-8eac-9932080ddff8","quickcheckin-333ffbb76204@example.com","2026-05-20T00:04:48.473805Z","2026-05-20T00:04:49.632959Z","2026-05-20T00:04:48.551358Z","email","guest","Demo Camper","rv_798cd9c7fb0e43e68e"
"a0eb2150-2fed-476c-9d10-00e9353b5a77","quickcheckin-c6cefe632106@example.com","2026-05-19T23:42:27.400088Z","2026-05-19T23:42:27.66967Z","2026-05-19T23:42:27.436972Z","email","guest","Demo Camper","rv_a0eb21502fed476c9d"
"0756ee7e-58c4-4881-8235-b803cc167445","quickcheckin-139769e4fc01@example.com","2026-05-19T23:35:05.303038Z","2026-05-19T23:35:06.249898Z","2026-05-19T23:35:05.336097Z","email","guest","Demo Camper","rv_0756ee7e58c4488182"
"f9d68844-82e0-4459-95f4-db1e969e11e2","quickcheckin-fb1131afd511@example.com","2026-05-19T23:34:57.765324Z","2026-05-19T23:34:58.400448Z","2026-05-19T23:34:57.772272Z","email","guest","Demo Camper","rv_f9d6884482e0445995"
"153a10d0-287a-47bb-b50e-3c03037c31d7","quickcheckin-0506813a7406@example.com","2026-05-19T23:34:56.862391Z","2026-05-19T23:34:57.493253Z","2026-05-19T23:34:56.936936Z","email","guest","Demo Camper","rv_153a10d0287a47bbb5"
"dd8e740d-21ab-426f-912d-c4e72086946f","quickcheckin-ed2cfdc68611@example.com","2026-05-19T23:24:31.461473Z","2026-05-19T23:24:32.367401Z","2026-05-19T23:24:31.465398Z","email","guest","Demo Camper","rv_dd8e740d21ab426f91"
"3dd11606-cb2b-4c90-b843-e2e1a0ad5d41","quickcheckin-ba079f35a328@example.com","2026-05-19T23:24:21.458723Z","2026-05-19T23:24:22.408015Z","2026-05-19T23:24:21.506046Z","email","guest","Demo Camper","rv_3dd11606cb2b4c90b8"
"cf01a3e9-1ec6-4708-b239-e28122256e60","quickcheckin-64b45301cc5e@example.com","2026-05-19T23:24:21.455093Z","2026-05-19T23:24:22.342846Z","2026-05-19T23:24:21.505061Z","email","guest","Demo Camper","rv_cf01a3e91ec64708b2"
"f9cf9332-15e3-431a-8333-78345940c8eb","quickcheckin-dd3467cf38bd@example.com","2026-05-19T22:59:05.230108Z","2026-05-19T22:59:05.563609Z","2026-05-19T22:59:05.277898Z","email","guest","Demo Camper","rv_f9cf933215e3431a83"
"71c24d9b-b382-4ea2-9b87-3ca1638e514c","quickcheckin-beacc0907da2@example.com","2026-05-19T22:49:34.837934Z","2026-05-19T22:49:35.419984Z","2026-05-19T22:49:34.841633Z","email","guest","Demo Camper","rv_71c24d9bb3824ea29b"
"dc588139-ea8a-4773-8e0d-6e7414b86900","quickcheckin-5cd3ba1ee684@example.com","2026-05-19T22:49:28.254965Z","2026-05-19T22:49:29.215364Z","2026-05-19T22:49:28.258904Z","email","guest","Demo Camper","rv_dc588139ea8a47738e"
"ec36b4ff-a2b9-4ee2-9e55-6449dad4b915","quickcheckin-122f2850b9e9@example.com","2026-05-19T22:49:26.140255Z","2026-05-19T22:49:26.792325Z","2026-05-19T22:49:26.191837Z","email","guest","Demo Camper","rv_ec36b4ffa2b94ee29e"
"c6e52582-cbf5-475f-9231-2a2eea4d9c7b","quickcheckin-7bfd2737f0f1@example.com","2026-05-19T22:29:40.349674Z","2026-05-19T22:29:40.661386Z","2026-05-19T22:29:40.395454Z","email","guest","Demo Camper","rv_c6e52582cbf5475f92"
"8cc991c5-9aa6-4371-93f1-7c81ff14ed77","quickcheckin-c540ba421ec0@example.com","2026-05-19T22:18:20.636002Z","2026-05-19T22:18:21.784772Z","2026-05-19T22:18:20.639576Z","email","guest","Demo Camper","rv_8cc991c59aa6437193"
"fc4c41ea-e3b5-46e0-a7b7-f4c768def732","quickcheckin-24aeb352f768@example.com","2026-05-19T22:18:14.731008Z","2026-05-19T22:18:15.399435Z","2026-05-19T22:18:14.752536Z","email","guest","Demo Camper","rv_fc4c41eae3b546e0a7"
"c018e54f-6e62-4964-9696-8b3c2704e816","quickcheckin-11eed42d97e4@example.com","2026-05-19T22:18:11.879368Z","2026-05-19T22:18:12.541857Z","2026-05-19T22:18:11.935133Z","email","guest","Demo Camper","rv_c018e54f6e62496496"
"3af71343-561d-46c3-b442-d19e69625d98","quickcheckin-22902537d1fd@example.com","2026-05-19T17:34:30.267686Z","2026-05-19T17:34:30.563904Z","2026-05-19T17:34:30.281536Z","email","guest","Demo Camper","rv_3af71343561d46c3b4"
"73daf417-c386-45f8-8d76-2204bfb04a10","quickcheckin-211ca41ffe2c@example.com","2026-05-19T17:33:11.20588Z","2026-05-19T17:33:11.710715Z","2026-05-19T17:33:11.250115Z","email","guest","Demo Camper","rv_73daf417c38645f88d"
"0af810d8-8637-484d-b0d0-74e9c8ea2a73","quickcheckin-bca5623ce325@example.com","2026-05-19T17:24:57.342807Z","2026-05-19T17:24:57.863266Z","2026-05-19T17:24:57.353642Z","email","guest","Demo Camper","rv_0af810d88637484db0"
"7c57ce5c-283a-4393-b78f-ed1ce8ea8d75","quickcheckin-0be97ec219df@example.com","2026-05-19T17:24:50.937975Z","2026-05-19T17:24:51.765974Z","2026-05-19T17:24:50.945464Z","email","guest","Demo Camper","rv_7c57ce5c283a4393b7"
"063dec36-40e4-4e8e-8d94-536117f67d00","quickcheckin-22bd0a0be3da@example.com","2026-05-19T17:24:48.870042Z","2026-05-19T17:24:49.655115Z","2026-05-19T17:24:48.968347Z","email","guest","Demo Camper","rv_063dec3640e44e8e8d"
"9b0f1de4-1bae-4130-84da-e210c57bf73f","quickcheckin-a1324056b705@example.com","2026-05-19T15:21:25.897323Z","2026-05-19T15:21:26.300431Z","2026-05-19T15:21:25.924438Z","email","guest","Demo Camper","rv_9b0f1de41bae413084"
"a301b526-c3bd-44a3-8e4b-74ad5d8b2a31","quickcheckin-20d6882bb65f@example.com","2026-05-19T15:17:43.1207Z","2026-05-19T15:17:43.700258Z","2026-05-19T15:17:43.123818Z","email","guest","Demo Camper","rv_a301b526c3bd44a38e"
"c84ebb39-2fb9-4720-881b-910ce63e6257","quickcheckin-e728a971b43f@example.com","2026-05-19T15:17:36.898111Z","2026-05-19T15:17:37.430177Z","2026-05-19T15:17:36.901873Z","email","guest","Demo Camper","rv_c84ebb392fb9472088"
"0514e4af-32ee-42e6-9383-cd97af3d6536","quickcheckin-61c6fe03a5c9@example.com","2026-05-19T15:17:33.255296Z","2026-05-19T15:17:34.135914Z","2026-05-19T15:17:33.308746Z","email","guest","Demo Camper","rv_0514e4af32ee42e693"
"f66cdc27-5622-4874-aa25-5483374ae610","quickcheckin-30df9456f6ad@example.com","2026-05-19T14:25:46.205435Z","2026-05-19T14:25:46.465348Z","2026-05-19T14:25:46.214968Z","email","guest","Demo Camper","rv_f66cdc2756224874aa"
"db7233f3-9a86-471c-bb30-beca54a189cb","quickcheckin-591ca101726a@example.com","2026-05-19T14:25:01.705123Z","2026-05-19T14:25:02.01143Z","2026-05-19T14:25:01.715781Z","email","guest","Demo Camper","rv_db7233f39a86471cbb"
"9a6152f5-a2d5-430c-90f8-eb899ae16051","quickcheckin-721247cfce9e@example.com","2026-05-19T14:24:58.086448Z","2026-05-19T14:24:58.386888Z","2026-05-19T14:24:58.091487Z","email","guest","Demo Camper","rv_9a6152f5a2d5430c90"
"0cfc500a-d9b7-4154-b7ef-08d4896e3b9a","quickcheckin-e6d31f33b726@example.com","2026-05-19T14:24:53.50527Z","2026-05-19T14:24:53.990883Z","2026-05-19T14:24:53.600633Z","email","guest","Demo Camper","rv_0cfc500ad9b74154b7"
"d9a86023-2888-4d76-8451-65f2c106227a","quickcheckin-2ebecd518c66@example.com","2026-05-19T14:20:54.172055Z","2026-05-19T14:20:54.670359Z","2026-05-19T14:20:54.181384Z","email","guest","Demo Camper","rv_d9a8602328884d7684"
"7f70a3a8-a684-4e62-ae2f-1866e44a1da8","quickcheckin-5ae375022670@example.com","2026-05-19T14:20:48.240224Z","2026-05-19T14:20:49.097305Z","2026-05-19T14:20:48.243313Z","email","guest","Demo Camper","rv_7f70a3a8a6844e62ae"
"14476ddb-5929-4685-af74-910b5be41120","quickcheckin-5b1e89281ad4@example.com","2026-05-19T14:20:44.712094Z","2026-05-19T14:20:46.896977Z","2026-05-19T14:20:44.745165Z","email","guest","Demo Camper","rv_14476ddb59294685af"
"9c33de54-32d3-4982-9741-a7bfad740478","quickcheckin-78f3b8949d9c@example.com","2026-05-19T14:17:41.740246Z","2026-05-19T14:17:42.330315Z","2026-05-19T14:17:41.744366Z","email","guest","Demo Camper","rv_9c33de5432d3498297"
"ed9f8f36-b9d6-4c93-af10-9ee678342b33","quickcheckin-f99f72be86c6@example.com","2026-05-19T14:17:35.682742Z","2026-05-19T14:17:36.171162Z","2026-05-19T14:17:35.685985Z","email","guest","Demo Camper","rv_ed9f8f36b9d64c93af"
"72f8f91a-60fc-434e-80ed-7185eb4fc5c1","quickcheckin-041979619899@example.com","2026-05-19T14:17:33.444704Z","2026-05-19T14:17:34.178178Z","2026-05-19T14:17:33.529356Z","email","guest","Demo Camper","rv_72f8f91a60fc434e80"
"f02bd4cd-bc32-416f-abf7-c39ef684308a","quickcheckin-226ddab7f725@example.com","2026-05-19T13:50:10.226285Z","2026-05-19T13:50:10.451902Z","2026-05-19T13:50:10.22937Z","email","guest","Demo Camper","rv_f02bd4cdbc32416fab"
"19d678ee-46ba-4020-9cec-8a94b8182c1f","quickcheckin-846c1e9a9101@example.com","2026-05-19T13:50:06.652016Z","2026-05-19T13:50:07.002012Z","2026-05-19T13:50:06.659015Z","email","guest","Demo Camper","rv_19d678ee46ba40209c"
"aabbf304-10cc-4e38-a035-4d7033729e86","quickcheckin-82cc52ff290f@example.com","2026-05-19T13:50:03.925544Z","2026-05-19T13:50:04.227468Z","2026-05-19T13:50:03.934521Z","email","guest","Demo Camper","rv_aabbf30410cc4e38a0"
"155cd390-4858-4dba-aa0c-a34e97dba294","quickcheckin-a3bfb1606fb7@example.com","2026-05-19T13:48:42.277698Z","2026-05-19T13:48:42.761415Z","2026-05-19T13:48:42.333823Z","email","guest","Demo Camper","rv_155cd39048584dbaaa"
"fa86214e-8f7d-4b52-80d3-69c1f1edf96f","quickcheckin-784b97a071ea@example.com","2026-05-19T13:08:18.914063Z","2026-05-19T13:08:19.200117Z","2026-05-19T13:08:18.940987Z","email","guest","Demo Camper","rv_fa86214e8f7d4b5280"
"0e139a9c-0224-4d7b-bc6b-bbd99c163135","quickcheckin-2fe6bf17a675@example.com","2026-05-19T12:30:44.537176Z","2026-05-19T12:30:44.919227Z","2026-05-19T12:30:44.591051Z","email","guest","Demo Camper","rv_0e139a9c02244d7bbc"
"020935c7-1684-45ff-96fa-0992c1a55a7a","quickcheckin-afd2ec4ac860@example.com","2026-05-18T17:21:16.104747Z","2026-05-18T17:21:16.644452Z","2026-05-18T17:21:16.178054Z","email","guest","Demo Camper","rv_020935c7168445ff96"
"0157455d-3966-41fb-ab6b-a0e79410d6d2","quickcheckin-0b5999b4d01b@example.com","2026-05-17T11:37:57.927068Z","2026-05-17T11:37:58.404128Z","2026-05-17T11:37:57.980133Z","email","guest","Demo Camper","rv_0157455d396641fbab"
"e0f53e49-f69b-4454-953e-fc1cbfdaeb56","quickcheckin-aea70ae4cab8@example.com","2026-05-17T10:41:32.745277Z","2026-05-17T10:41:33.173405Z","2026-05-17T10:41:32.767637Z","email","guest","Demo Camper","rv_e0f53e49f69b445495"
"f59a93b6-a7cf-4ad4-b163-7f8326577781","quickcheckin-f700f5851cb1@example.com","2026-05-17T10:36:19.145691Z","2026-05-17T10:36:20.250778Z","2026-05-17T10:36:19.232544Z","email","guest","Demo Camper","rv_f59a93b6a7cf4ad4b1"
"81412592-b219-4b06-9868-e1696c8d9d92","quickcheckin-b845876fa2cf@example.com","2026-05-16T10:50:11.958111Z","2026-05-16T10:50:12.324678Z","2026-05-16T10:50:11.984977Z","email","guest","Demo Camper","rv_81412592b2194b0698"
"953009cb-4d97-4d13-a2da-bb750496e8b1","quickcheckin-5a5a5449dde2@example.com","2026-05-16T10:37:38.042583Z","2026-05-16T10:37:38.309581Z","2026-05-16T10:37:38.058605Z","email","guest","Demo Camper","rv_953009cb4d974d13a2"
"6c610ce5-9272-467e-ae5f-52fbc20c8a3c","quickcheckin-0814a45d3fa1@example.com","2026-05-16T10:27:40.254459Z","2026-05-16T10:27:40.809324Z","2026-05-16T10:27:40.257624Z","email","guest","Demo Camper","rv_6c610ce59272467eae"
"079f81c7-d872-4928-8eeb-ab186ac550da","quickcheckin-468545792b04@example.com","2026-05-16T10:27:33.78936Z","2026-05-16T10:27:34.360282Z","2026-05-16T10:27:33.79258Z","email","guest","Demo Camper","rv_079f81c7d87249288e"
"721d211b-8717-45ea-adc4-f231bdd78c5e","quickcheckin-ad82609f6746@example.com","2026-05-16T10:27:27.982918Z","2026-05-16T10:27:28.746361Z","2026-05-16T10:27:28.012377Z","email","guest","Demo Camper","rv_721d211b871745eaad"
"0a41a2ba-97ce-45fa-b320-987d015a5f8f","quickcheckin-79579b8d3972@example.com","2026-05-16T10:24:41.864758Z","2026-05-16T10:24:42.414823Z","2026-05-16T10:24:41.86887Z","email","guest","Demo Camper","rv_0a41a2ba97ce45fab3"
"592a4018-5148-4621-92b6-779983db5918","quickcheckin-e0e29224d6f8@example.com","2026-05-16T10:24:35.334861Z","2026-05-16T10:24:36.070111Z","2026-05-16T10:24:35.35786Z","email","guest","Demo Camper","rv_592a40185148462192"
"56e14c23-726a-4345-aa06-fe1d3594592e","quickcheckin-fee3f14eddb2@example.com","2026-05-16T10:21:44.364518Z","2026-05-16T10:21:44.941649Z","2026-05-16T10:21:44.367573Z","email","guest","Demo Camper","rv_56e14c23726a4345aa"
"0a95ccf7-57e8-4a95-a300-69a0b6b4db5d","quickcheckin-0683b38e52a0@example.com","2026-05-16T10:21:37.615822Z","2026-05-16T10:21:38.260428Z","2026-05-16T10:21:37.618808Z","email","guest","Demo Camper","rv_0a95ccf757e84a95a3"
"5840a527-cea4-4de0-b34c-929038546dc5","quickcheckin-d831b5fb218b@example.com","2026-05-16T10:21:13.847921Z","2026-05-16T10:21:14.424987Z","2026-05-16T10:21:13.850972Z","email","guest","Demo Camper","rv_5840a527cea44de0b3"
"94d720f2-b8b5-4aba-b9bd-caa05c42f2b5","quickcheckin-5c2120a55c64@example.com","2026-05-16T10:21:07.138796Z","2026-05-16T10:21:07.780244Z","2026-05-16T10:21:07.161028Z","email","guest","Demo Camper","rv_94d720f2b8b54abab9"
"ef0ced59-2acf-4310-9c9e-60e7413af82c","quickcheckin-e15c5a8db213@example.com","2026-05-16T10:19:46.709919Z","2026-05-16T10:19:47.278901Z","2026-05-16T10:19:46.713827Z","email","guest","Demo Camper","rv_ef0ced592acf43109c"
"781d47d5-5d1b-4707-914a-c7d54c481231","quickcheckin-38e8ad30ee12@example.com","2026-05-16T10:19:40.616721Z","2026-05-16T10:19:41.207298Z","2026-05-16T10:19:40.619739Z","email","guest","Demo Camper","rv_781d47d55d1b470791"
"22607668-c3a4-4e98-b080-b92f2d54e386","quickcheckin-145663d7f49b@example.com","2026-05-16T10:19:26.687997Z","2026-05-16T10:19:27.21523Z","2026-05-16T10:19:26.691083Z","email","guest","Demo Camper","rv_22607668c3a44e98b0"
"76f80f16-2656-4ab5-a26e-859796d1e9c9","quickcheckin-5bf3e57e151d@example.com","2026-05-16T10:19:20.029307Z","2026-05-16T10:19:20.584702Z","2026-05-16T10:19:20.049688Z","email","guest","Demo Camper","rv_76f80f1626564ab5a2"
"04f52752-43aa-4cef-af8c-b4a896ed0b17","quickcheckin-af653394ad67@example.com","2026-05-16T10:15:20.69268Z","2026-05-16T10:15:21.288919Z","2026-05-16T10:15:20.695811Z","email","guest","Demo Camper","rv_04f5275243aa4cefaf"
"1f4363fd-07d9-4969-a94f-22aa3c4d0726","quickcheckin-7cdccacaaf2f@example.com","2026-05-16T10:15:14.522031Z","2026-05-16T10:15:15.104778Z","2026-05-16T10:15:14.538018Z","email","guest","Demo Camper","rv_1f4363fd07d94969a9"
"b6447153-4fc7-4a06-aab0-f2703d878712","quickcheckin-2d3654a9ef09@example.com","2026-05-16T10:14:58.177814Z","2026-05-16T10:14:58.78882Z","2026-05-16T10:14:58.186484Z","email","guest","Demo Camper","rv_b64471534fc74a06aa"
"bcfe902d-9229-498d-9b1b-ff2b4802d73a","quickcheckin-668aedeebea3@example.com","2026-05-16T10:14:51.353401Z","2026-05-16T10:14:51.818529Z","2026-05-16T10:14:51.358329Z","email","guest","Demo Camper","rv_bcfe902d9229498d9b"
"08b38eaa-a12a-435f-8924-2c2f34b7ca1a","quickcheckin-b1e04d425826@example.com","2026-05-16T10:14:46.835182Z","2026-05-16T10:14:48.013124Z","2026-05-16T10:14:46.921548Z","email","guest","Demo Camper","rv_08b38eaaa12a435f89"
"6e6337d4-38ce-4051-92be-149c813296d5","quickcheckin-716addc02c96@example.com","2026-05-15T13:17:19.379997Z","2026-05-15T13:17:19.772989Z","2026-05-15T13:17:19.402409Z","email","guest","Demo Camper","rv_6e6337d438ce405192"
"6bcc02b4-647e-41cd-8997-75028ebb0dd3","quickcheckin-daece796da88@example.com","2026-05-15T12:55:45.615392Z","2026-05-15T12:55:46.4912Z","2026-05-15T12:55:45.692585Z","email","guest","Demo Camper","rv_6bcc02b4647e41cd89"
"5238beb4-84c7-41f8-bdae-17437a046393","quickcheckin-912293f3ddf9@example.com","2026-05-14T13:19:58.864113Z","2026-05-14T13:19:59.385711Z","2026-05-14T13:19:58.958615Z","email","guest","Demo Camper","rv_5238beb484c741f8bd"
"bb99bc5a-7f37-46a4-b710-ff4547958f35","quickcheckin-1a327e85689d@example.com","2026-05-13T23:12:53.75822Z","2026-05-13T23:12:54.202257Z","2026-05-13T23:12:53.8134Z","email","guest","Demo Camper","rv_bb99bc5a7f3746a4b7"
"870402be-3a41-4243-9feb-5984a8327930","quickcheckin-f7d1df4571d7@example.com","2026-05-13T23:11:36.909483Z","2026-05-13T23:11:37.324494Z","2026-05-13T23:11:36.963703Z","email","guest","Demo Camper","rv_870402be3a4142439f"
"af1cd8cf-d2f6-41cf-b699-93f4d67de2d7","quickcheckin-a2f8fc15c754@example.com","2026-05-13T22:36:55.561884Z","2026-05-13T22:36:55.993853Z","2026-05-13T22:36:55.605534Z","email","guest","Demo Camper","rv_af1cd8cfd2f641cfb6"
"202fcfed-8771-491c-a861-538147c0f094","quickcheckin-eb3b5a9d31d6@example.com","2026-05-13T22:26:13.697924Z","2026-05-13T22:26:14.057699Z","2026-05-13T22:26:13.713394Z","email","guest","Demo Camper","rv_202fcfed8771491ca8"
"674b7445-8fce-4c59-add8-ca3e0ef8ab26","quickcheckin-bd8bba16b0ec@example.com","2026-05-13T22:24:44.747514Z","2026-05-13T22:24:45.043314Z","2026-05-13T22:24:44.776878Z","email","guest","Demo Camper","rv_674b74458fce4c59ad"
"9332d547-42ce-493f-8d62-8068ae46e4c8","quickcheckin-0f336b93fe8d@example.com","2026-05-13T22:21:01.434934Z","2026-05-13T22:21:01.90936Z","2026-05-13T22:21:01.463541Z","email","guest","Demo Camper","rv_9332d54742ce493f8d"
"ccee6dee-3ac1-471b-bb0c-681be0ed0bbb","quickcheckin-8bb100df1254@example.com","2026-05-13T22:01:45.407866Z","2026-05-13T22:01:45.729962Z","2026-05-13T22:01:45.438108Z","email","guest","Demo Camper","rv_ccee6dee3ac1471bbb"
"686486a0-5485-40dd-ab41-7299c1153e95","quickcheckin-8d30ac4f72a2@example.com","2026-05-13T21:58:22.091129Z","2026-05-13T21:58:22.505908Z","2026-05-13T21:58:22.113536Z","email","guest","Demo Camper","rv_686486a0548540ddab"
"6abcb29e-3b3e-4ebe-abb3-4eadc1a5a0f4","quickcheckin-1b7eecfca24d@example.com","2026-05-13T21:54:47.526765Z","2026-05-13T21:54:47.802799Z","2026-05-13T21:54:47.548441Z","email","guest","Demo Camper","rv_6abcb29e3b3e4ebeab"
"4acd2e69-b78e-4c16-a73c-133ae45589c4","quickcheckin-481e6d50ee7a@example.com","2026-05-13T21:51:41.420115Z","2026-05-13T21:51:41.835232Z","2026-05-13T21:51:41.457052Z","email","guest","Demo Camper","rv_4acd2e69b78e4c16a7"
"68fda089-3ab6-442d-a6f5-9e9f301dfc03","quickcheckin-b96b10882f9f@example.com","2026-05-13T21:38:55.614403Z","2026-05-13T21:38:55.966665Z","2026-05-13T21:38:55.627436Z","email","guest","Demo Camper","rv_68fda0893ab6442da6"
"a5879874-29c9-4d27-b9ef-139ce515e2c1","quickcheckin-821044f5464c@example.com","2026-05-13T21:35:36.529114Z","2026-05-13T21:35:36.979636Z","2026-05-13T21:35:36.559362Z","email","guest","Demo Camper","rv_a587987429c94d27b9"
"dde68037-4ba9-4a1b-b7c2-ad9dc1b54701","quickcheckin-1425c033364d@example.com","2026-05-13T21:32:04.797578Z","2026-05-13T21:32:05.062802Z","2026-05-13T21:32:04.814629Z","email","guest","Demo Camper","rv_dde680374ba94a1bb7"
"b776fce6-e453-4862-854c-3fd32de0f245","quickcheckin-177e5e9904eb@example.com","2026-05-13T21:28:28.051764Z","2026-05-13T21:28:28.452273Z","2026-05-13T21:28:28.086535Z","email","guest","Demo Camper","rv_b776fce6e453486285"
"2badfd41-2268-49e0-a84c-566e5b3b47e4","quickcheckin-204d7f67c3c4@example.com","2026-05-13T21:16:48.485461Z","2026-05-13T21:16:48.782599Z","2026-05-13T21:16:48.515045Z","email","guest","Demo Camper","rv_2badfd41226849e0a8"
"10d3f810-9ac3-4664-ab53-bc1e1a2ab34c","quickcheckin-5cf3b1e70f3d@example.com","2026-05-13T21:13:29.030684Z","2026-05-13T21:13:29.418043Z","2026-05-13T21:13:29.059086Z","email","guest","Demo Camper","rv_10d3f8109ac34664ab"
"5424d496-5d8a-402c-979d-f4cabbbf4d4f","quickcheckin-b3a5c1b70698@example.com","2026-05-13T21:03:46.05408Z","2026-05-13T21:03:46.397038Z","2026-05-13T21:03:46.093324Z","email","guest","Demo Camper","rv_5424d4965d8a402c97"
"2c896bf9-6f78-4ca5-b41e-e7b8e0e5c362","quickcheckin-74f4f531613a@example.com","2026-05-13T21:00:14.029753Z","2026-05-13T21:00:14.529236Z","2026-05-13T21:00:14.068287Z","email","guest","Demo Camper","rv_2c896bf96f784ca5b4"
"6d585af0-d203-480f-8250-71157f2c23c6","quickcheckin-465483be5b52@example.com","2026-05-13T20:43:57.559013Z","2026-05-13T20:43:58.201257Z","2026-05-13T20:43:57.608626Z","email","guest","Demo Camper","rv_6d585af0d203480f82"
"fe38c6c8-fd0c-4ea5-80dc-3037c91bf2e6","quickcheckin-f706d44f6228@example.com","2026-05-13T20:38:13.382597Z","2026-05-13T20:38:13.758368Z","2026-05-13T20:38:13.402404Z","email","guest","Demo Camper","rv_fe38c6c8fd0c4ea580"
"623a1625-ddf6-4537-b8a6-f588963abeec","quickcheckin-d61a80350663@example.com","2026-05-13T20:26:38.726667Z","2026-05-13T20:26:39.012473Z","2026-05-13T20:26:38.753856Z","email","guest","Demo Camper","rv_623a1625ddf64537b8"
"b01aff0e-818a-4f15-a452-4f40f512b374","quickcheckin-3b98f42cbdbf@example.com","2026-05-13T20:21:49.02033Z","2026-05-13T20:21:49.564119Z","2026-05-13T20:21:49.083691Z","email","guest","Demo Camper","rv_b01aff0e818a4f15a4"
"c6ef020f-fc9b-4e7e-8bc2-414f3c8caf94","quickcheckin-bc9165a06889@example.com","2026-05-13T16:14:13.873506Z","2026-05-13T16:14:14.366947Z","2026-05-13T16:14:13.896761Z","email","guest","Demo Camper","rv_c6ef020ffc9b4e7e8b"
"67e96c20-1c49-49a0-b91e-a8d0e6b4f37d","quickcheckin-836d62d07122@example.com","2026-05-13T15:44:39.94701Z","2026-05-13T15:44:40.942276Z","2026-05-13T15:44:39.987319Z","email","guest","Demo Camper","rv_67e96c201c4949a0b9"
"aadbe178-7341-482e-a8a5-3e0b1fdba494","quickcheckin-d04edb849457@example.com","2026-05-13T15:34:21.992298Z","2026-05-13T15:34:22.398354Z","2026-05-13T15:34:22.022533Z","email","guest","Demo Camper","rv_aadbe1787341482ea8"
"7158cce3-dc5e-4a92-bdc6-6089bc80d2f8","quickcheckin-b7b1c9d98364@example.com","2026-05-13T15:29:13.983129Z","2026-05-13T15:29:14.71277Z","2026-05-13T15:29:14.017138Z","email","guest","Demo Camper","rv_7158cce3dc5e4a92bd"
"a21891ff-890c-498e-aad2-bac7ca3b00c8","quickcheckin-a7ae096ee9f8@example.com","2026-05-13T15:27:35.826052Z","2026-05-13T15:27:36.605Z","2026-05-13T15:27:35.858702Z","email","guest","Demo Camper","rv_a21891ff890c498eaa"
"dff40d2d-36d9-47e9-a175-b179968752e0","quickcheckin-9cfcd4ca8e46@example.com","2026-05-13T15:22:26.36513Z","2026-05-13T15:22:26.753121Z","2026-05-13T15:22:26.401393Z","email","guest","Demo Camper","rv_dff40d2d36d947e9a1"
"eb208609-05a5-417a-b621-d774fd6ce66f","quickcheckin-f6e91e49dac1@example.com","2026-05-13T15:15:38.619868Z","2026-05-13T15:15:38.841794Z","2026-05-13T15:15:38.62356Z","email","guest","","rv_eb20860905"
"6097c4c6-7568-4cc1-bbb0-de3dfe07161f","quickcheckin-b75fe2d69e9d@example.com","2026-05-13T15:15:18.830847Z","2026-05-13T15:15:19.269934Z","2026-05-13T15:15:18.895374Z","email","guest","","rv_6097c4c675"
"eb49cdee-364d-4dbd-a005-da377d968c1a","quickcheckin-0807429e1544@example.com","2026-05-13T15:00:41.28386Z","2026-05-13T15:00:41.637385Z","2026-05-13T15:00:41.309984Z","email","guest","","rv_eb49cdee36"
"6ac633ea-299f-4a42-becd-80ac17145a0b","quickcheckin-9ca9593d0225@example.com","2026-05-13T15:00:21.935456Z","2026-05-13T15:00:22.246991Z","2026-05-13T15:00:21.947156Z","email","guest","","rv_6ac633ea29"
"c38051ee-197c-4334-a0e4-ebc021ab2014","quickcheckin-9c3f39ad94fd@example.com","2026-05-13T14:58:55.871278Z","2026-05-13T14:58:56.768485Z","2026-05-13T14:58:55.895905Z","email","guest","","rv_c38051ee19"
"876aff0c-ff96-4f38-94c7-6d9cf8c627aa","quickcheckin-c109e1755ee7@example.com","2026-05-13T14:46:22.743252Z","2026-05-13T14:46:23.052226Z","2026-05-13T14:46:22.769555Z","email","guest","Demo Camper","rv_876aff0cff964f3894"
"22365a63-b3fd-46fc-986d-aafc25bb9d48","quickcheckin-19fc33eeef6e@example.com","2026-05-13T14:41:59.983404Z","2026-05-13T14:42:00.479765Z","2026-05-13T14:42:00.037426Z","email","guest","Demo Camper","rv_22365a63b3fd46fc98"
